{
	"type": "zenith:attribute",
	"attribute": "zenith_attributes:crit_chance",
	"operation": "ADDITION",
	"values": {
		"common": {
			"min": 0.20,
			"steps": 10,
			"step": 0.01
		},
		"uncommon": {
			"min": 0.20,
			"steps": 10,
			"step": 0.01
		},
		"rare": {
			"min": 0.20,
			"steps": 10,
			"step": 0.01
		},
		"epic": {
			"min": 0.30,
			"steps": 10,
			"step": 0.01
		},
		"mythic": {
			"min": 0.45,
			"steps": 15,
			"step": 0.01
		},
		"ancient": {
			"min": 0.60,
			"steps": 20,
			"step": 0.01
		}
	},
	"types": [
		"heavy_weapon"
	]
}