{
    "processors": [
        {
            "processor_type": "minecraft:rule",
            "rules": [
                {
                    "input_predicate": {
                        "predicate_type": "minecraft:random_block_match",
                        "block": "minecraft:dirt",
                        "probability": 0.3
                    },
                    "location_predicate":{
                        "predicate_type": "minecraft:always_true"
                    },
                    "output_state": {
                        "Name": "farmersdelight:rich_soil"
                    }
                },
                {
                    "input_predicate": {
                        "predicate_type": "minecraft:random_block_match",
                        "block": "minecraft:farmland",
                        "probability": 0.3
                    },
                    "location_predicate":{
                        "predicate_type": "minecraft:always_true"
                    },
                    "output_state": {
                        "Name": "farmersdelight:rich_soil_farmland",
                        "Properties": {
                            "moisture": "7"
                        }
                    }
                },
                {
                    "input_predicate": {
                        "predicate_type": "minecraft:random_block_match",
                        "block": "minecraft:grass_block",
                        "probability": 0.3
                    },
                    "location_predicate":{
                        "predicate_type": "minecraft:always_true"
                    },
                    "output_state": {
                        "Name": "farmersdelight:organic_compost"
                    }
                }
            ]
        },
        {
			"processor_type": "minecraft:rule",
			"rules": [
				{
					"location_predicate": {
						"predicate_type": "minecraft:always_true"
					},
					"input_predicate": {
						"predicate_type": "minecraft:random_block_match",
						"block": "minecraft:campfire",
						"probability": 0.2
					},
					"output_state": {
						"Name": "minecraft:jungle_leaves",
						"Properties": {
							"distance": "1",
							"persistent": "true"
						}
					}
				}
			]
		}
    ]
}