{
  "fabric:load_conditions": [
    {
      "condition": "fabric:all_mods_loaded",
      "values": [
        "mythicmetals"
      ]
    }
  ],
  "conditions": [
    {
      "type": "forge:mod_loaded",
      "modid": "mythicmetals"
    }
  ],
  "type": "minecraft:crafting_shaped",
  "key": {
    "#": {
      "tag": "c:wood_sticks"
    },
    "X": {
      "tag": "c:bronze_ingots"
    },
    "Y": {
      "item": "minecraft:iron_nugget"
    }
  },
  "pattern": [
    "YXY",
    "X X",
    "Y#Y"
  ],
  "result": {
    "item": "simplyswords:mythicmetals_compat/bronze/bronze_chakram"
  }
}