{
  "values": [
    "minecraft:rabbit_stew",
    {"id":"aquaculture:sushi","required":false},
    {"id":"aquamirae:sea_stew","required":false},
    {"id":"aquamirae:poseidons_breakfast","required":false},
    {"id":"abnormals_delight:duck_noodles","required":false},
    {"id":"abnormals_delight:dune_platter","required":false},
    {"id":"abnormals_delight:passionfruit_glazed_duck","required":false},
    {"id":"abnormals_delight:perch_with_mushrooms","required":false},
    {"id":"abnormals_delight:pike_with_beetroot","required":false},
    {"id":"biomemakeover:crab_chowder","required":false},
    {"id":"brewinandchewin:ham_and_cheese_sandwich","required":false},
    {"id":"bundledelight:cheeseburger","required":false},
    {"id":"bundledelight:scarlet_cheeseburger","required":false},
    {"id":"bundledelight:borscht","required":false},
    {"id":"culturaldelights:beef_burrito","required":false},
    {"id":"culturaldelights:mutton_sandwich","required":false},
    {"id":"culturaldelights:chicken_taco","required":false},
    {"id":"culturaldelights:spicy_curry","required":false},
    {"id":"culturaldelights:pork_wrap","required":false},
    {"id":"culturaldelights:fish_taco","required":false},
    {"id":"culturaldelights:chicken_roll","required":false},
    {"id":"culturaldelights:chicken_roll_slice","required":false},
    {"id":"culturaldelights:pufferfish_roll","required":false},
    {"id":"culturaldelights:tropical_roll","required":false},
    {"id":"culturaldelights:rice_ball","required":false},
    {"id":"culturaldelights:calamari_roll","required":false},
    {"id":"delightfulmining:clam_chowder","required":false},
    {"id":"delightfulmining:cheeseburger","required":false},    
    {"id":"delightfulmining:deluxe_cheeseburger","required":false},
    {"id":"delightfulmining:crab_rangoon","required":false},
    {"id":"ecologics:tropical_stew","required":false},
    {"id":"endersdelight:crispy_skewer","required":false},
    {"id":"endersdelight:crawling_sandwich","required":false},
    {"id":"endersdelight:ender_paella_wood","required":false},
    {"id":"endersdelight:ender_paella","required":false},
    {"id":"endersdelight:stuffed_shulker_bowl","required":false},
    {"id":"farmersdelight:beef_stew","required":false},
    {"id":"farmersdelight:chicken_soup","required":false},
    {"id":"farmersdelight:egg_sandwich","required":false},
    {"id":"farmersdelight:fish_stew","required":false},
    {"id":"farmersdelight:fried_rice","required":false},
    {"id":"farmersdelight:pumpkin_soup","required":false},
    {"id":"farmersdelight:baked_cod_stew","required":false},
    {"id":"farmersdelight:noodle_soup","required":false},
    {"id":"farmersdelight:pasta_with_meatballs","required":false},
    {"id":"farmersdelight:pasta_with_mutton_chop","required":false},
    {"id":"farmersdelight:roasted_mutton_chops","required":false},
    {"id":"farmersdelight:steak_and_potatoes","required":false},
    {"id":"farmersdelight:squid_ink_pasta","required":false},
    {"id":"farmersdelight:grilled_salmon","required":false},
    {"id":"farmersdelight:roast_chicken","required":false},
    {"id":"farmersdelight:honey_glazed_ham","required":false},
    {"id":"farmersdelight:shepherds_pie","required":false},
    {"id":"farmersrespite:black_cod","required":false},
    {"id":"farmersrespite:tea_curry","required":false},
    {"id":"farmersdelight:chicken_sandwich","required":false},
    {"id":"farmersdelight:hamburger","required":false},
    {"id":"farmersdelight:bacon_sandwich","required":false},
    {"id":"farmersdelight:mutton_wrap","required":false},
    {"id":"farmersdelight:dumplings","required":false},
    {"id":"farmersdelight:barbecue_stick","required":false},
    {"id":"farmersdelight:cod_roll","required":false},
    {"id":"farmersdelight:salmon_roll","required":false},
    {"id":"farmersdelight:cabbage_rolls","required":false},
    {"id":"farmersdelight:stuffed_potato","required":false},
    {"id":"farmersrespite:black_cod","required":false},
    {"id":"galosphere_delight:glow_ink_pasta","required":false},
    {"id":"gofish:grilled_blackstone_deluxe","required":false},
    {"id":"gofish:endfish_and_chorus","required":false},
    {"id":"meadow:cheese_sandwich","required":false},
    {"id":"meadow:cheese_roll","required":false},
    {"id":"meadow:cheesecake_slice","required":false},
    {"id":"meadow:cheese_tart_slice","required":false},
    {"id":"meadow:ham_cheese","required":false},
    {"id":"meadow:cheese_tart_slice","required":false},
    {"id":"miners_delight:bowl_of_stuffed_squid","required":false},
    {"id":"miners_delight:rabbit_stew_cup","required":false},
    {"id":"miners_delight:baked_cod_stew_cup","required":false},
    {"id":"miners_delight:noodle_soup_cup","required":false},
    {"id":"miners_delight:beef_stew_cup","required":false},
    {"id":"miners_delight:chicken_soup_cup","required":false},
    {"id":"miners_delight:fish_stew_cup","required":false},
    {"id":"miners_delight:pumpkin_soup_cup","required":false},
    {"id":"netherdepthsupgrade:lava_pufferfish_roll","required":false},
    {"id":"netherdepthsupgrade:obsidianfish_roll","required":false},
    {"id":"netherdepthsupgrade:searing_cod_roll","required":false},
    {"id":"netherdepthsupgrade:blazefish_roll","required":false},
    {"id":"netherdepthsupgrade:magmacubefish_roll","required":false},
    {"id":"netherdepthsupgrade:glowdine_roll","required":false},
    {"id":"netherdepthsupgrade:soulsucker_roll","required":false},
    {"id":"netherdepthsupgrade:grilled_lava_pufferfish","required":false},
    {"id":"netherdepthsupgrade:grilled_obsidianfish","required":false},
    {"id":"netherdepthsupgrade:grilled_searing_cod","required":false},
    {"id":"netherdepthsupgrade:grilled_blazefish","required":false},
    {"id":"netherdepthsupgrade:grilled_magmacubefish","required":false},
    {"id":"netherdepthsupgrade:grilled_glowdine","required":false},
    {"id":"netherdepthsupgrade:grilled_soulsucker","required":false},
    {"id":"netherdepthsupgrade:baked_lava_pufferfish_stew","required":false},
    {"id":"netherdepthsupgrade:baked_obsidianfish_stew","required":false},
    {"id":"netherdepthsupgrade:baked_searing_cod_stew","required":false},
    {"id":"netherdepthsupgrade:baked_blazefish_stew","required":false},
    {"id":"netherdepthsupgrade:baked_magmacubefish_stew","required":false},
    {"id":"netherdepthsupgrade:baked_glowdine_stew","required":false},
    {"id":"netherdepthsupgrade:baked_soulsucker_stew","required":false},
    {"id":"nethersdelight:nether_skewer","required":false},
    {"id":"nethersdelight:magma_gelatin","required":false},
    {"id":"nethersdelight:strider_moss_stew","required":false},
    {"id":"oceansdelight:squid_rings","required":false},
    {"id":"oceansdelight:bowl_of_guardian_soup","required":false},
    {"id":"oceansdelight:guardian_soup","required":false},
    {"id":"oceansdelight:elder_guardian_roll","required":false},
    {"id":"oceansdelight:cabbage_wrapped_elder_guardian","required":false},
    {"id":"oceansdelight:fugu_roll","required":false}
  ]
}
