{
  "replace": false,
  "values": [
    "minecraft:barrier",
    "minecraft:bedrock",
    "minecraft:crying_obsidian",
    "minecraft:obsidian",
    {"id":"minecells:hardstone","required":false},
    {"id":"twilightforest:mazestone","required":false},
    {"id":"twilightforest:mazestone_brick","required":false},
    {"id":"twilightforest:cracked_mazestone","required":false},
    {"id":"twilightforest:mossy_mazestone","required":false},
    {"id":"twilightforest:decorative_mazestone","required":false},
    {"id":"twilightforest:cut_mazestone","required":false},
    {"id":"twilightforest:mazestone_border","required":false},
    {"id":"twilightforest:mazestone_mosaic","required":false},
    {"id":"twilightforest:underbrick","required":false},
    {"id":"twilightforest:cracked_underbrick","required":false},
    {"id":"twilightforest:mossy_underbrick","required":false},
    {"id":"twilightforest:underbrick_floor","required":false},
    {"id":"twilightforest:giant_obsidian","required":false}
  ]
}