{
    "dimension": "spellbladenext:glassocean",
    "increasingDistance": 0,
    "distanceFactor": 0,
    "increasingTime": 0,
    "timeFactor": 0.0,
    "heightDistance": 0,
    "heightFactor": 0,
    "maxFactorHealth": 1.0,
    "maxFactorDamage": 3.0,
    "maxFactorProtection": 3.0,
    "maxFactorSpeed": 1.25,
    "startingFactor": 2.25,
    "startingDistance": 0,
    "startingTime": 0,
    "startingHeight": 62,
    "positiveHeightIncreasion": true,
    "negativeHeightIncreasion": true
}