{
    "dimension": "minecraft:the_end",
    "increasingDistance": 100,
    "distanceFactor": 0.05,
    "increasingTime": 0,
    "timeFactor": 0.0,
    "heightDistance": 30,
    "heightFactor": 0.1,
    "maxFactorHealth": 15.0,
    "maxFactorDamage": 7.5,
    "maxFactorProtection": 4.0,
    "maxFactorSpeed": 1.5,
    "startingFactor": 7.5,
    "startingDistance": 0,
    "startingTime": 0,
    "startingHeight": 62,
    "positiveHeightIncreasion": true,
    "negativeHeightIncreasion": true
}