{
	"type": "zenith:attribute",
	"attribute": "spell_power:haste",
	"operation": "MULTIPLY_BASE",
	"values": {
		"common": {
			"min": 0.01,
			"steps": 4,
			"step": 0.01
		},
		"uncommon": {
			"min": 0.03,
			"steps": 5,
			"step": 0.01
		},
		"rare": {
			"min": 0.06,
			"steps": 5,
			"step": 0.01
		},
		"epic": {
			"min": 0.08,
			"steps": 5,
			"step": 0.01
		},
		"mythic": {
			"min": 0.1,
			"steps": 5,
			"step": 0.01
		},
		"ancient": {
			"min": 0.12,
			"steps": 5,
			"step": 0.01
		}
	},
	"types": [
		"ELEMENTAL_STAFF",
		"FIRE_STAFF",
		"FROST_STAFF",
		"ARCANE_STAFF",
		"HEALING_STAFF",
		"SOUL_STAFF",
		"LIGHTNING_STAFF"
	]
}