{
        "loading_priority": 1,
        "unchoosable": true,
	"powers": [
                "medievalorigins:arachnae/climber",
		"medievalorigins:arachnae/many_eyes",
                "medievalorigins:arachnae/venomous_bite",
                "medievalorigins:arachnae/web_slinger",
                "medievalorigins:arachnae/bottomless_stomach",
                "medievalorigins:arachnae/brittle",
                "medievalorigins:arachnae/fragile_exoskeleton"
	],
	"icon": "minecraft:string",
	"impact": 2,
        "order": 1
}
