{
    "type": "minecraft:crafting_shaped",
    "pattern": [
        "AEA",
        "HTH",
        "CIC"
    ],
    "key": {
        "E": {
            "item": "apotheotic_additions:esoteric_material"
        },
        "A": {
            "item": "apotheotic_additions:artifact_material"
        },
        "T": {
            "item": "ancientreforging:ancient_reforging_table"
        },
        "H": {
            "item": "apotheotic_additions:heirloom_material"
        },
        "C": {
            "item": "cataclysm:cursium_block"
        },
        "I": {
            "item": "cataclysm:ignitium_block"
        }
    },
    "result": {
        "item": "esotericreforging:esoteric_reforging_table",
        "count": 1
    }
}