{
	"loading_priority": 1,
	"type": "origins:multiple",
	"no_sleep": {
		"type": "origins:prevent_sleep",
		"message": "medievalorigins.moon_elf_no_sleep",
		"set_spawn_point": true,
		"condition": {
			"type": "origins:dimension",
			"dimension": "minecraft:overworld"
		}
	},
	"no_phantoms": {
		"type": "origins:modify_insomnia_ticks",
		"modifier": {
			"operation": "set_total",
			"value": 0
		}
	},
	"survive_compat": {
		"loading_priority": 1,
		"type": "origins:action_on_callback",
		"entity_action_added": {
			"type": "origins:and",
			"actions": [
				{
					"type": "origins:grant_power",
					"power": "origins_survive:sleepless"
				}
			]
		},
		"entity_action_removed": {
			"type": "origins:and",
			"actions": [
				{
					"type": "origins:revoke_power",
					"power": "origins_survive:sleepless"
				}
			]
		}
	}
}