{
    "dimension": "minecells:black_bridge",
    "increasingDistance": 0,
    "distanceFactor": 0,
    "increasingTime": 0,
    "timeFactor": 0.0,
    "heightDistance": 30,
    "heightFactor": 0.25,
    "maxFactorHealth": 4.0,
    "maxFactorDamage": 2.5,
    "maxFactorProtection": 1.5,
    "maxFactorSpeed": 1.5,
    "startingFactor": 4.0,
    "startingDistance": 0,
    "startingTime": 0,
    "startingHeight": 62,
    "positiveHeightIncreasion": true,
    "negativeHeightIncreasion": true
}