{
    "dimension": "deeperdarker:otherside",
    "increasingDistance": 250,
    "distanceFactor": 0.06,
    "increasingTime": 0,
    "timeFactor": 0.0,
    "heightDistance": 30,
    "heightFactor": 0.1,
    "maxFactorHealth": 5.0,
    "maxFactorDamage": 2.5,
    "maxFactorProtection": 1.5,
    "maxFactorSpeed": 1.5,
    "startingFactor": 3.0,
    "startingDistance": 0,
    "startingTime": 0,
    "startingHeight": 62,
    "positiveHeightIncreasion": true,
    "negativeHeightIncreasion": true
}