{
    "dimension": "paradise_lost:paradise_lost",
    "increasingDistance": 0,
    "distanceFactor": 0.0,
    "increasingTime": 0,
    "timeFactor": 0.0,
    "heightDistance": 0,
    "heightFactor": 0,
    "maxFactorHealth": 1.0,
    "maxFactorDamage": 1.0,
    "maxFactorProtection": 1.0,
    "maxFactorSpeed": 1.0,
    "startingFactor": 1.0,
    "startingDistance": 0,
    "startingTime": 0,
    "startingHeight": 62,
    "positiveHeightIncreasion": true,
    "negativeHeightIncreasion": true
}