{
    "dimension": "minecraft:the_end",
    "increasingDistance": 100,
    "distanceFactor": 0.025,
    "increasingTime": 0,
    "timeFactor": 0.0,
    "heightDistance": 30,
    "heightFactor": 0.1,
    "maxFactorHealth": 3.0,
    "maxFactorDamage": 3.0,
    "maxFactorProtection": 3.0,
    "maxFactorSpeed": 1.0,
    "startingFactor": 3.0,
    "startingDistance": 0,
    "startingTime": 0,
    "startingHeight": 62,
    "positiveHeightIncreasion": true,
    "negativeHeightIncreasion": true
}