{
    "processors": [
        {
            "processor_type": "minecraft:rule",
            "rules": [
                {
                    "input_predicate": {
                        "predicate_type": "minecraft:random_block_match",
                        "block": "minecraft:dirt",
                        "probability": 0.3
                    },
                    "location_predicate":{
                        "predicate_type": "minecraft:always_true"
                    },
                    "output_state": {
                        "Name": "farmersdelight:rich_soil"
                    }
                },
                {
                    "input_predicate": {
                        "predicate_type": "minecraft:random_block_match",
                        "block": "minecraft:farmland",
                        "probability": 0.3
                    },
                    "location_predicate":{
                        "predicate_type": "minecraft:always_true"
                    },
                    "output_state": {
                        "Name": "farmersdelight:rich_soil_farmland",
                        "Properties": {
                            "moisture": "7"
                        }
                    }
                },
                {
                    "input_predicate": {
                        "predicate_type": "minecraft:random_block_match",
                        "block": "minecraft:grass_block",
                        "probability": 0.3
                    },
                    "location_predicate":{
                        "predicate_type": "minecraft:always_true"
                    },
                    "output_state": {
                        "Name": "farmersdelight:organic_compost"
                    }
                }
            ]
        },
        {
            "processor_type":"minecraft:rule",
            "rules": [
                {
                    "position_predicate":{
                        "predicate_type": "always_true"
                    },
                    "input_predicate": {
                        "predicate_type": "random_block_match",
                        "block": "minecraft:stone_bricks",
                        "probability": 0.3
                    },
                    "location_predicate": {
                        "predicate_type": "always_true"
                    },
                    "output_state": {
                        "Name": "minecraft:cracked_stone_bricks"
                    }
                },
                {
                    "position_predicate":{
                        "predicate_type": "always_true"
                    },
                    "input_predicate": {
                        "predicate_type": "random_block_match",
                        "block": "minecraft:stone_bricks",
                        "probability": 0.3
                    },
                    "location_predicate": {
                        "predicate_type": "always_true"
                    },
                    "output_state": {
                        "Name": "minecraft:mossy_stone_bricks"
                    }
                }
            ]
        },
        {
            "processor_type":"minecraft:rule",
            "rules": 
            [
                {
                    "position_predicate":{
                        "predicate_type": "always_true"
                    },
                    "input_predicate": {
                        "predicate_type": "block_match",
                        "block": "minecraft:smooth_quartz"
                    },
                    "location_predicate": {
                        "predicate_type": "always_true"
                    },
                    "output_state": {
                        "Name": "minecraft:white_terracotta"
                    }
                },
                {
                    "position_predicate":{
                        "predicate_type": "always_true"
                    },
                    "input_predicate": {
                        "predicate_type": "block_match",
                        "block": "minecraft:smooth_quartz_stairs"
                    },
                    "location_predicate": {
                        "predicate_type": "always_true"
                    },
                    "output_state": {
                        "Name": "minecraft:white_terracotta"
                    }
                }
            ]
        }
    ]
}