{
    "minecraft:powder_snow": {
        "max_count": 1,
        "0": -5,
        "1": -4
    },
    "minecraft:snow": {
        "max_count": 1,
        "0": -5,
        "1": -4
    },
    "minecraft:snow_block": {
        "max_count": 1,
        "0": -5,
        "1": -4
    },
    "minecraft:powder_snow_cauldron": {
        "max_count": 1,
        "0": -5,
        "1": -4
    },
    "minecraft:ice": {
        "max_count": 1,
        "0": -5,
        "1": -4
    },
    "minecraft:packed_ice": {
        "max_count": 1,
        "0": -5,
        "1": -4
    },
    "minecraft:frosted_ice": {
        "max_count": 1,
        "0": -5,
        "1": -4
    },
    "minecraft:blue_ice": {
        "max_count": 1,
        "0": -5,
        "1": -4
    }
}