{
    "minecraft:lava": {
        "max_count": 1,
        "0": 12,
        "1": 9,
        "2": 6
    },
    "minecraft:campfire": {
        "property": "lit",
        "max_count": 1,
        "0": 12,
        "1": 9,
        "2": 6
    },
    "minecraft:soul_campfire": {
        "property": "lit",
        "max_count": 1,
        "0": 12,
        "1": 9,
        "2": 6
    },
    "byg:boric_campfire": {
        "property": "lit",
        "max_count": 1,
        "0": 12,
        "1": 9,
        "2": 6
    },
    "byg:cryptic_campfire": {
        "property": "lit",
        "max_count": 1,
        "0": 12,
        "1": 9,
        "2": 6
    },
    "paradise_lost:abrosium_campfire": {
        "property": "lit",
        "max_count": 1,
        "0": 12,
        "1": 9,
        "2": 6
    },
    "minecraft:fire": {
        "max_count": 1,
        "0": 12,
        "1": 9,
        "2": 6
    },
    "minecraft:soul_fire": {
        "max_count": 1,
        "0": 12,
        "1": 9,
        "2": 6
    },
    "minecraft:magma_block": {
        "max_count": 1,
        "0": 12,
        "1": 9
    },
    "minecraft:lava_cauldron": {
        "max_count": 1,
        "0": 12,
        "1": 9,
        "2": 6
    },
    "minecraft:furnace": {
        "property": "lit",
        "max_count": 1,
        "0": 9,
        "1": 6
    },
    "minecraft:blast_furnace": {
        "property": "lit",
        "max_count": 1,
        "0": 9,
        "1": 6
    },
    "minecraft:smoker": {
        "property": "lit",
        "max_count": 1,
        "0": 9,
        "1": 6
    },
    "minecraft:torch": {
        "property": "lit",
        "max_count": 4,
        "0": 4,
        "1": 3,
        "2": 2,
        "3": 1
    },
    "minecraft:soul_torch": {
        "property": "lit",
        "max_count": 4,
        "0": 4,
        "1": 3,
        "2": 2,
        "3": 1
    },
    "adorn:stone_torch": {
        "property": "lit",
        "max_count": 4,
        "0": 4,
        "1": 3,
        "2": 2,
        "3": 1
    },
    "paradise_lost:abrosium_torch": {
        "property": "lit",
        "max_count": 4,
        "0": 4,
        "1": 3,
        "2": 2,
        "3": 1
    },
    "architects_palette:nether_brass_torch": {
        "property": "lit",
        "max_count": 4,
        "0": 4,
        "1": 3,
        "2": 2,
        "3": 1
    }
}