{
    "replace": false,
    "values": [
        {
            "id": "biomesoplenty:bog",
            "required": false
        },
        {
            "id": "biomesoplenty:coniferous_forest",
            "required": false
        },
        {
            "id": "biomesoplenty:dead_forest",
            "required": false
        },
        {
            "id": "biomesoplenty:field",
            "required": false
        },
        {
            "id": "biomesoplenty:fir_clearing",
            "required": false
        },
		{
            "id": "biomesoplenty:hot_springs",
            "required": false
        },
        {
            "id": "biomesoplenty:maple_woods",
            "required": false
        },
        {
            "id": "biomesoplenty:old_growth_dead_forest",
            "required": false
        },
        {
            "id": "biomesoplenty:ominous_woods",
            "required": false
        },
        {
            "id": "biomesoplenty:tundra",
            "required": false
        }
    ]
}