{
  "name": "Lava Drinker",
  "loading_priority": 1,
  "description": "You can fill your flask with lava instead of water.",
  "type": "origins:multiple",
  "from_empty": {
    "loading_priority":1,
    "type": "origins:active_self",
    "key": "key.use",
    "entity_action": {
      "type": "origins:replace_inventory",
      "slot": "weapon.mainhand",
      "stack": {
        "item": "survive:filled_canteen",
        "tag": "{\"DrinksLeft\": 5, \"Potion\": \"survive:purified_water\"}}"
      },
      "inventory_type": "inventory",
      "item_condition": {
        "type": "origins:ingredient",
        "ingredient": {
          "item": "survive:canteen"
        }
      }
    },
    "condition": {
      "type": "origins:and",
      "conditions": [
        {
          "type": "origins:equipped_item",
          "equipment_slot": "mainhand",
          "item_condition": {
            "type": "origins:ingredient",
            "ingredient": {
              "item": "survive:canteen"
            }
          }
        },
        {
          "type": "origins:raycast",
          "distance": 6,
          "block": true,
          "entity": false,
          "shape_type": "visual",
          "fluid_handling": "any",
          "block_condition": {
            "type": "origins:fluid",
            "fluid_condition": {
              "type": "origins:in_tag",
              "tag": "minecraft:lava"
            }
          }
        }
      ]
    }
  },
  "partially_filled": {
    "type": "origins:action_on_item_use",
    "trigger": "start",
    "item_condition": {
      "type": "origins:and",
      "conditions": [
        {
          "type": "origins:ingredient",
          "ingredient": {
            "item": "survive:filled_canteen"
          }
        },
        {
          "type": "origins:nbt",
          "nbt": "{\"DrinksLeft\": 5}",
          "inverted": true
        }
      ]
    },
    "item_action": {
      "type": "origins:merge_nbt",
      "nbt": "{\"DrinksLeft\": 5, \"Potion\": \"survive:purified_water\"}}"
    },
    "condition": {
      "type": "origins:raycast",
      "distance": 6,
      "block": true,
      "entity": false,
      "shape_type": "visual",
      "fluid_handling": "any",
      "block_condition": {
        "type": "origins:fluid",
        "fluid_condition": {
          "type": "origins:in_tag",
          "tag": "minecraft:lava"
        }
      }
    }
  },
  "tooltip": {
    "type": "apoli:tooltip",
    "item_condition": {
      "type": "apoli:ingredient",
      "ingredient": {
        "tag": "origins_survive:flasks"
      }
    },
    "texts": [
      {
        "text": "Can fill with lava",
        "color": "gold"
      }
    ]
  }
}