{
	"weight": 100,
	"mainhands": [{
			"weight": 1,
			"stack": {
				"item": "minecraft:bow"
			}
		}
	],
	"offhands": [],
	"boots": [{
		"weight": 1,
		"stack": {
			"item": "minecraft:leather_boots"
		}
	}],
	"leggings": [{
		"weight": 1,
		"stack": {
			"item": "minecraft:leather_leggings"
		}
	}],
	"chestplates": [{
		"weight": 1,
		"stack": {
			"item": "minecraft:leather_chestplate"
		}
	}],
	"helmets": [{
		"weight": 1,
		"stack": {
			"item": "minecraft:leather_helmet"
		}
	}],
	"tags": [
		"overworld_bow"
	]
}