{
	"loading_priority": 1,
	"type": "origins:multiple",
	"survive_compat": {
		"loading_priority": 1,
		"type": "origins:action_on_callback",
		"entity_action_added": {
			"type": "origins:and",
			"actions": [
				{
					"type": "origins:grant_power",
					"power": "origins_survive:cold_blooded"
				}
			]
		},
		"entity_action_removed": {
			"type": "origins:and",
			"actions": [
				{
					"type": "origins:grant_power",
					"power": "origins_survive:cold_blooded"
				}
			]
		}
	},
	"underwater": {
		"type": "origins:modify_break_speed",
		"modifier": {
			"operation": "multiply_total",
			"value": 4
		},
		"condition": {
			"type": "origins:and",
			"conditions": [
				{
					"type": "origins:submerged_in",
					"fluid": "minecraft:water"
				},
				{
					"type": "origins:enchantment",
					"enchantment": "minecraft:aqua_affinity",
					"comparison": "==",
					"compare_to": 0
				}
			]
		}
	},
	"ungrounded": {
		"type": "origins:modify_break_speed",
		"modifier": {
			"operation": "multiply_total",
			"value": 4
		},
		"condition": {
			"type": "origins:and",
			"conditions": [
				{
					"type": "origins:fluid_height",
					"fluid": "minecraft:water",
					"comparison": ">",
					"compare_to": 0
				},
				{
					"type": "origins:on_block",
					"inverted": true
				}
			]
		}
	},
	"amphibious": {
		"type": "origins:action_over_time",
		"condition": {
			"type": "origins:submerged_in",
			"fluid": "minecraft:water"
		},
		"entity_action": {
			"type": "origins:apply_effect",
			"effects": [
				{
					"effect": "minecraft:dolphins_grace",
					"is_ambient": true,
					"show_particles": false,
					"show_icon": false,
					"amplifier": 1,
					"duration": 250
				},
				{
					"effect": "minecraft:water_breathing",
					"is_ambient": true,
					"show_particles": false,
					"show_icon": false,
					"amplifier": 0,
					"duration": 250
				}
			]
		},
		"falling_action": {
			"type": "origins:clear_effect",
			"effects": [
				{
					"effect": "minecraft:dolphins_grace"
				},
				{
					"effect": "minecraft:water_breathing"
				}
			]
		},
		"interval": 20
	}
}