{
	"type": "zenith:mob_effect",
	"mob_effect": "minecraft:weakness",
	"target": "ATTACK_TARGET",
	"values": {
		"rare": {
			"duration": {
				"min": 80,
				"steps": 3,
				"step": 20
			},
			"amplifier": 0,
			"cooldown": 300
		},
		"epic": {
			"duration": {
				"min": 80,
				"steps": 3,
				"step": 20
			},
			"amplifier": {
				"min": 0,
				"steps": 4,
				"step": 0.26
			},
			"cooldown": 300
		},
		"mythic": {
			"duration": {
				"min": 80,
				"steps": 4,
				"step": 20
			},
			"amplifier": {
				"min": 0,
				"steps": 8,
				"step": 0.26
			},
			"cooldown": 300
		},
		"ancient": {
			"duration": {
				"min": 80,
				"steps": 4,
				"step": 40
			},
			"amplifier": 2,
			"cooldown": 400
		}
	},
	"types": [
		"sword",
		"trident",
		"heavy_weapon"
	]
}