{
	"weight": 5,
	"quality": 2,
	"dimensions": [],
	"bonuses": [
		{
			"type": "zenith:attribute",
			"gem_class": {
				"key": "frost_weapons",
				"types": [
					"ELEMENTAL_STAFF",
					"FROST_STAFF"
				]
			},
			"attribute": "spell_power:frost",
			"operation": "MULTIPLY_BASE",
			"values": {
				"common": 0.05,
				"uncommon": 0.1,
				"rare": 0.15,
				"epic": 0.2,
				"mythic": 0.25,
				"ancient": 0.3
			}
		},
		{
			"type": "zenith:enchantment",
			"gem_class": {
				"key": "boots",
				"types": [
					"boots"
				]
			},
			"must_exist": true,
			"enchantment": "minecraft:frost_walker",
			"values": {
				"rare": 1,
				"epic": 1,
				"mythic": 2,
				"ancient": 2
			}
		},
		{
			"type": "zenith:enchantment",
			"gem_class": {
				"key": "core_armor",
				"types": [
					"chestplate",
					"leggings"
				]
			},
			"enchantment": "zenith:icy_thorns",
			"values": {
				"rare": 1,
				"epic": 1,
				"mythic": 2,
				"ancient": 2
			}
		},
		{
			"type": "zenith:durability",
			"gem_class": {
				"key": "melee_weapon",
				"types": [
					"sword",
					"heavy_weapon",
					"trident"
				]
			},
			"values": {
				"common": 0.05,
				"uncommon": 0.10,
				"rare": 0.15,
				"epic": 0.225,
				"mythic": 0.30,
				"ancient": 0.40
			}
		}
	]
}