{
	"type": "apotheosis:attribute",
	"attribute": "attributeslib:life_steal",
	"operation": "ADDITION",
	"values": {
		"common": {
			"min": 0.05,
			"steps": 3,
			"step": 0.01
		},
		"uncommon": {
			"min": 0.08,
			"steps": 3,
			"step": 0.01
		},
		"rare": {
			"min": 0.10,
			"steps": 4,
			"step": 0.01
		},
		"epic": {
			"min": 0.10,
			"steps": 6,
			"step": 0.01
		},
		"mythic": {
			"min": 0.10,
			"steps": 8,
			"step": 0.01
		},
		"ancient": {
			"min": 0.13,
			"steps": 12,
			"step": 0.01
		}
	},
	"types": [
		"sword",
		"trident"
	]
}