{
        "loading_priority": 1,
	"powers": [
                "medievalorigins:ogre/lead_belly",
		"medievalorigins:ogre/stocky",
                "medievalorigins:ogre/gargantuan",
                "medievalorigins:ogre/ravenous",
                "medievalorigins:ogre/sluggish",
                "medievalorigins:ogre/xxxl",
                "medievalorigins:ogre/unweildy",
                "medievalorigins:ogre/ogre_properties"  
	],
	"icon": "minecraft:wooden_axe",
	"impact": 3,
        "order": 1
}
