{
	"type": "zenith:attribute",
	"attribute": "projectile_damage:generic",
	"operation": "MULTIPLY_BASE",
	"values": {
		"common": {
			"min": 0.15,
			"steps": 5,
			"step": 0.01
		},
		"uncommon": {
			"min": 0.15,
			"steps": 5,
			"step": 0.01
		},
		"rare": {
			"min": 0.20,
			"steps": 5,
			"step": 0.01
		},
		"epic": {
			"min": 0.20,
			"steps": 10,
			"step": 0.01
		},
		"mythic": {
			"min": 0.25,
			"steps": 15,
			"step": 0.01
		},
		"ancient": {
			"min": 0.25,
			"steps": 20,
			"step": 0.01
		}
	},
	"types": [
		"bow",
		"crossbow",
		"trident"
	]
}