{
	"type": "origins:multiple",
	"loading_priority": 1,
	"winter_body_callon": {
		"type": "origins:action_on_callback",
		"entity_action_chosen": {
			"type": "origins:execute_command",
			"command": "function medievalorigins:mdvlorigins/yeti_callon"
		},
		"entity_action_lost": {
			"type": "origins:execute_command",
			"command": "function medievalorigins:mdvlorigins/yeti_callback"
		},
		"execute_chosen_when_orb": true
	},
	"winter_body_constant": {
		"type": "origins:action_over_time",
		"entity_action": {
			"type": "origins:execute_command",
			"command": "execute unless entity @s[pehkui.scale_nbt={\"pehkui:scale_data_types\":{\"pehkui:height\":{scale:1.08f}}}] run function medievalorigins:mdvlorigins/yeti_callon"
		},
		"interval": 50
	},
	"survive_compat": {
		"loading_priority": 1,
		"type": "origins:action_on_callback",
		"entity_action_added": {
			"type": "origins:and",
			"actions": [
				{
					"type": "origins:grant_power",
					"power": "origins_survive:cold_resistance"
				}
			]
		},
		"entity_action_removed": {
			"type": "origins:and",
			"actions": [
				{
					"type": "origins:grant_power",
					"power": "origins_survive:cold_resistance"
				}
			]
		}
	}
}