{
    "environmentz:ice_pack": {
        "damage": 1,
        "temperature": -8,
        "heat_protection": 2
    },
    "minecraft:powder_snow_bucket": {
        "temperature": -8,
        "heat_protection": 2
    },
    "minecraft:snowball": {
        "temperature": -8,
        "heat_protection": 2
    },
    "minecraft:ice": {
        "temperature": -8,
        "heat_protection": 2
    },
    "minecraft:packed_ice": {
        "temperature": -8,
        "heat_protection": 2
    },
    "minecraft:blue_ice": {
        "temperature": -8,
        "heat_protection": 2
    },
    "endrem:cold_eye": {
        "temperature": -8,
        "heat_protection": 2
    },
    "ecologics:ice_bricks": {
        "temperature": -8,
        "heat_protection": 2
    },
    "architects_palette:polished_packed_ice": {
        "temperature": -8,
        "heat_protection": 2
    },
    "twilightforest:ice_sword": {
        "temperature": -8,
        "heat_protection": 2
    },
    "twilightforest:ice_bow": {
        "temperature": -8,
        "heat_protection": 2
    },
    "archon:frost_sword": {
        "temperature": -8,
        "heat_protection": 2
    },
    "mcdw:dagger_fangs_of_frost": {
        "temperature": -8,
        "heat_protection": 2
    },
    "mcdw:sickle_frost_scythe": {
        "temperature": -8,
        "heat_protection": 2
    },
    "mcdw:sword_frost_slayer": {
        "temperature": -8,
        "heat_protection": 2
    },
    "spellbladenext:nullifying_frost_totem": {
        "temperature": -8,
        "heat_protection": 2
    },
    "spellbladenext:blade_frost": {
        "temperature": -8,
        "heat_protection": 2
    },
    "spellbladenext:claymore_frost": {
        "temperature": -8,
        "heat_protection": 2
    },
    "spellbladenext:orb_frost": {
        "temperature": -8,
        "heat_protection": 2
    },
    "wizards:wand_frost": {
        "temperature": -8,
        "heat_protection": 2
    },
    "wizards:wand_netherite_frost": {
        "temperature": -8,
        "heat_protection": 2
    },
    "wizards:staff_frost": {
        "temperature": -8,
        "heat_protection": 2
    },
    "wizards:staff_netherite_frost": {
        "temperature": -8,
        "heat_protection": 2
    },
    "wizards:staff_smaragdant_frost": {
        "temperature": -8,
        "heat_protection": 2
    }
}