{
    "environmentz:heating_stones": {
        "damage": 1,
        "temperature": 8,
        "cold_protection": 2
    },
    "minecraft:lava_bucket": {
        "temperature": 8
    },
    "minecraft:torch": {
        "temperature": 8
    },
    "minecraft:soul_torch": {
        "temperature": 8
    },
    "adorn:stone_torch": {
        "temperature": 8
    },
    "architects_palette:nether_brass_torch": {
        "temperature": 8
    },
    "paradise_lost:abrosium_torch": {
        "temperature": 8
    },
    "archon:fire_wand": {
        "temperature": 8,
        "cold_protection": 2
    },
    "mcdw:axe_firebrand": {
        "temperature": 8,
        "cold_protection": 2
    },
    "mcdw:sword_mechanized_sawblade": {
        "temperature": 8,
        "cold_protection": 2
    },
    "spellbladenext:nullifying_fire_totem": {
        "temperature": 8,
        "cold_protection": 2
    },
    "spellbladenext:blade_fire": {
        "temperature": 8,
        "cold_protection": 2
    },
    "spellbladenext:claymore_fire": {
        "temperature": 8,
        "cold_protection": 2
    },
    "spellbladenext:orb_fire": {
        "temperature": 8,
        "cold_protection": 2
    },
    "wizards:wand_fire": {
        "temperature": 8,
        "cold_protection": 2
    },
    "wizards:wand_novice": {
        "temperature": 8,
        "cold_protection": 2
    },
    "wizards:wand_netherite_fire": {
        "temperature": 8,
        "cold_protection": 2
    },
    "wizards:staff_fire": {
        "temperature": 8,
        "cold_protection": 2
    },
    "wizards:staff_netherite_fire": {
        "temperature": 8,
        "cold_protection": 2
    },
    "wizards:staff_ruby_fire": {
        "temperature": 8,
        "cold_protection": 2
    }
}