{
	"name": "Water Dweller",
	"description": "Swimming in water restores your thirst bar, but you can still freeze or overheat.",
	"type": "origins:action_over_time",
	"condition": {
		"type": "origins:or",
		"conditions": [
			{
				"type": "origins:submerged_in",
				"fluid": "minecraft:water"
			},
			{
				"type": "origins:in_rain"
			}
		]
	},
	"entity_action": {
		"type": "origins:apply_effect",
		"effect": {
			"effect": "dehydration:hydration_effect",
			"is_ambient": true,
			"show_particles": false,
			"show_icon": false,
			"amplifier": 1,
			"duration": 250
		}
	},
	"rising_action": {
		"type": "origins:clear_effect",
		"effect": "dehydration:thirst_effect"
	},
	"falling_action": {
		"type": "origins:clear_effect",
		"effect": "dehydration:hydration_effect"
	},
	"interval": 20
}