{
	"type": "zenith:attribute",
	"attribute": "spell_power:soul",
	"operation": "ADDITION",
	"values": {
		"common": {
			"min": 1,
			"steps": 4,
			"step": 0.25
		},
		"uncommon": {
			"min": 1,
			"steps": 4,
			"step": 0.25
		},
		"rare": {
			"min": 2,
			"steps": 4,
			"step": 0.25
		},
		"epic": {
			"min": 2,
			"steps": 6,
			"step": 0.25
		},
		"mythic": {
			"min": 3,
			"steps": 6,
			"step": 0.25
		},
		"ancient": {
			"min": 3,
			"steps": 12,
			"step": 0.25
		}
	},
	"types": [
		"staff",
		"spell_weapon"
	]
}