{
	"type": "zenith:mob_effect",
	"mob_effect": "spell_power:soul",
	"target": "SPELL_CAST_SELF",
	"values": {
		"rare": {
			"duration": {
				"min": 100,
				"steps": 5,
				"step": 20
			},
			"amplifier": 0,
			"cooldown": 300
		},
		"epic": {
			"duration": {
				"min": 100,
				"steps": 6,
				"step": 20
			},
			"amplifier": {
				"min": 0,
				"steps": 4,
				"step": 0.26
			},
			"cooldown": 300
		},
		"mythic": {
			"duration": {
				"min": 140,
				"steps": 6,
				"step": 20
			},
			"amplifier": {
				"min": 0,
				"steps": 8,
				"step": 0.26
			},
			"cooldown": 300
		},
		"ancient": {
			"duration": {
				"min": 160,
				"steps": 8,
				"step": 20
			},
			"amplifier": {
				"min": 1,
				"steps": 4,
				"step": 0.26
			},
			"cooldown": 300
		}
	},
	"types": [
		"staff",
		"spell_weapon"
	]
}