{
  "replace": false,
  "values": [
    {"id":"#c:boots","required":false},
    {"id":"#forge:boots","required":false},
    {"id":"#forge:armor/boots","required":false},
    {"id":"ancient_aether:valkyrum_boots","required":false},
    {"id":"aquamirae:terrible_boots","required":false},
    {"id":"bloodmagic:livingplate","required":false},
    {"id":"eidolon:bonelord_boots","required":false},
    {"id":"eidolon:silver_boots","required":false},
    {"id":"epicempires:spartan_boots","required":false},
    {"id":"epicempires:spartan_elite_boots","required":false},
    {"id":"epicempires:roman_boots","required":false},
    {"id":"epicempires:roman_elite_boots","required":false},
    {"id":"epicempires:egyptian_boots","required":false},
    {"id":"epicempires:egyptian_elite_boots","required":false},
    {"id":"forbidden_arcanus:draco_arcanus_boots","required":false},
    {"id":"forbidden_arcanus:tyr_boots","required":false},
    {"id":"forbidden_arcanus:mortem_boots","required":false},
    {"id":"immersive_armors:wither_boots","required":false},
    {"id":"immersive_armors:bone_boots","required":false},
    {"id":"immersive_armors:warrior_boots","required":false},
    {"id":"immersive_armors:heavy_boots","required":false},
    {"id":"immersive_armors:robe_boots","required":false},
    {"id":"immersive_armors:slime_boots","required":false},
    {"id":"immersive_armors:divine_boots","required":false},
    {"id":"immersive_armors:prismarine_boots","required":false},
    {"id":"immersive_armors:wooden_boots","required":false},
    {"id":"immersive_armors:steampunk_boots","required":false},
    {"id":"knightsnmages:blue_knight_boots","required":false},
    {"id":"knightsnmages:dark_knight_boots","required":false},
    {"id":"endlessbiomes:anklor_shell_armour_boots","required":false},
    {"id":"eldritch_end:etyrite_boots","required":false},
    {"id":"betterend:aeternium_boots","required":false},
    {"id":"betterend:crystalite_boots","required":false},
    {"id":"betterend:thallasium_boots","required":false},
    {"id":"betterend:terminite_boots","required":false}
  ]
}