{
  "values": [
    {"id":"#c:chestplates","required":false},
    {"id":"#forge:chestplates","required":false},
    {"id":"#forge:armor/chestplates","required":false},
    {"id":"ancient_aether:valkyrum_chestplate","required":false},
    {"id":"aquamirae:terrible_chestplate","required":false},
    {"id":"bloodmagic:livingplate","required":false},
    {"id":"eidolon:bonelord_chestplate","required":false},
    {"id":"eidolon:silver_chestplate","required":false},
    {"id":"epicempires:spartan_chestplate","required":false},
    {"id":"epicempires:spartan_elite_chestplate","required":false},
    {"id":"epicempires:roman_chestplate","required":false},
    {"id":"epicempires:roman_elite_chestplate","required":false},
    {"id":"epicempires:egyptian_chestplate","required":false},
    {"id":"epicempires:egyptian_elite_chestplate","required":false},
    {"id":"forbidden_arcanus:draco_arcanus_chestplate","required":false},
    {"id":"forbidden_arcanus:tyr_chestplate","required":false},
    {"id":"forbidden_arcanus:mortem_chestplate","required":false},
    {"id":"immersive_armors:wither_chestplate","required":false},
    {"id":"immersive_armors:bone_chestplate","required":false},
    {"id":"immersive_armors:warrior_chestplate","required":false},
    {"id":"immersive_armors:heavy_chestplate","required":false},
    {"id":"immersive_armors:robe_chestplate","required":false},
    {"id":"immersive_armors:slime_chestplate","required":false},
    {"id":"immersive_armors:divine_chestplate","required":false},
    {"id":"immersive_armors:prismarine_chestplate","required":false},
    {"id":"immersive_armors:wooden_chestplate","required":false},
    {"id":"immersive_armors:steampunk_chestplate","required":false},
    {"id":"knightsnmages:blue_knight_chestplate","required":false},
    {"id":"knightsnmages:dark_knight_chestplate","required":false},
    {"id":"endlessbiomes:anklor_shell_armour_chestplate","required":false},
    {"id":"eldritch_end:etyrite_chestplate","required":false},
    {"id":"betterend:aeternium_chestplate","required":false},
    {"id":"betterend:crystalite_chestplate","required":false},
    {"id":"betterend:thallasium_chestplate","required":false},
    {"id":"betterend:terminite_chestplate","required":false}
  ]
}