{
  "values": [
    {"id":"#c:leggings","required":false},
    {"id":"#forge:leggings","required":false},
    {"id":"#forge:armor/leggings","required":false},
    {"id":"ancient_aether:valkyrum_leggings","required":false},
    {"id":"aquamirae:terrible_leggings","required":false},
    {"id":"bloodmagic:livingplate","required":false},
    {"id":"eidolon:bonelord_leggings","required":false},
    {"id":"eidolon:silver_leggings","required":false},
    {"id":"epicempires:spartan_leggings","required":false},
    {"id":"epicempires:spartan_elite_leggings","required":false},
    {"id":"epicempires:roman_leggings","required":false},
    {"id":"epicempires:roman_elite_leggings","required":false},
    {"id":"epicempires:egyptian_leggings","required":false},
    {"id":"epicempires:egyptian_elite_leggings","required":false},
    {"id":"forbidden_arcanus:draco_arcanus_leggings","required":false},
    {"id":"forbidden_arcanus:tyr_leggings","required":false},
    {"id":"forbidden_arcanus:mortem_leggings","required":false},
    {"id":"immersive_armors:wither_leggings","required":false},
    {"id":"immersive_armors:bone_leggings","required":false},
    {"id":"immersive_armors:warrior_leggings","required":false},
    {"id":"immersive_armors:heavy_leggings","required":false},
    {"id":"immersive_armors:robe_leggings","required":false},
    {"id":"immersive_armors:slime_leggings","required":false},
    {"id":"immersive_armors:divine_leggings","required":false},
    {"id":"immersive_armors:prismarine_leggings","required":false},
    {"id":"immersive_armors:wooden_leggings","required":false},
    {"id":"immersive_armors:steampunk_leggings","required":false},
    {"id":"knightsnmages:blue_knight_leggings","required":false},
    {"id":"knightsnmages:dark_knight_leggings","required":false},
    {"id":"endlessbiomes:anklor_shell_armour_leggings","required":false},
    {"id":"eldritch_end:etyrite_leggings","required":false},
    {"id":"betterend:aeternium_leggings","required":false},
    {"id":"betterend:crystalite_leggings","required":false},
    {"id":"betterend:thallasium_leggings","required":false},
    {"id":"betterend:terminite_leggings","required":false}
  ]
}