{
    "anvil_cost": 5,
	"description": "Shulken Touch",
	"supported_items": "#minecraft:enchantable/weapon",
	"weight": 3,
	"max_level": 1,
	"min_cost": {
		"base": 50,
		"per_level_above_first": 0
	},
	"max_cost": {
		"base": 100,
		"per_level_above_first": 0
	},
	"slots": [
		"hand"
	],
	"effects": {
		"minecraft:post_attack": [
			{
				"enchanted": "attacker",
				"affected": "victim",
				"effect": {
					"type": "minecraft:apply_mob_effect",
					"to_apply": "minecraft:levitation",
					"min_duration": 5,
					"max_duration": 5,
					"min_amplifier": 2,
					"max_amplifier": 2
				}
			}
		],
		"minecraft:prevent_equipment_drop": {}
	}
}
