{
	"type": "zenith:attribute",
	"attribute": "minecraft:generic.attack_knockback",
	"operation": "ADDITION",
	"values": {
		"common": {
			"min": 0.75,
			"steps": 5,
			"step": 0.05
		},
		"uncommon": {
			"min": 0.75,
			"steps": 5,
			"step": 0.05
		},
		"rare": {
			"min": 1,
			"steps": 10,
			"step": 0.05
		},
		"epic": {
			"min": 1.25,
			"steps": 10,
			"step": 0.05
		},
		"mythic": {
			"min": 1.25,
			"steps": 10,
			"step": 0.05
		},
		"ancient": {
			"min": 1.5,
			"steps": 15,
			"step": 0.05
		}
	},
	"types": [
		"heavy_weapon"
	]
}