{
	"type": "zenith:attribute",
	"attribute": "minecraft:generic.attack_damage",
	"operation": "ADDITION",
	"values": {
		"common": {
			"min": 3,
			"steps": 8,
			"step": 0.25
		},
		"uncommon": {
			"min": 3,
			"steps": 8,
			"step": 0.25
		},
		"rare": {
			"min": 3.5,
			"steps": 8,
			"step": 0.25
		},
		"epic": {
			"min": 4,
			"steps": 10,
			"step": 0.25
		},
		"mythic": {
			"min": 5,
			"steps": 10,
			"step": 0.25
		},
		"ancient": {
			"min": 7,
			"steps": 10,
			"step": 0.25
		}
	},
	"types": [
		"heavy_weapon"
	]
}