{
    "id": "tiered:epic_melee_3",
    "verifiers": [
        {
            "tag": "c:swords"
        },
        {
            "tag": "c:axes"
        },
        {
            "id": "mythicmetals:carmot_staff"
        },
        {
            "id": "conjuring:soul_alloy_scythe"
        }
    ],
    "weight": 8,
    "style": {
        "color": "dark_purple"
    },
    "attributes": [
        {
            "type": "tiered:generic.crit_chance",
            "modifier": {
                "name": "tiered:epic_melee_3",
                "operation": "MULTIPLY_TOTAL",
                "amount": 0.1
            },
            "optional_equipment_slots": [
                "MAINHAND"
            ]
        },
        {
            "type": "tiered:generic.durable",
            "modifier": {
                "name": "tiered:epic_melee_3",
                "operation": "MULTIPLY_TOTAL",
                "amount": 0.2
            },
            "optional_equipment_slots": [
                "MAINHAND"
            ]
        },
        {
            "type": "generic.luck",
            "modifier": {
                "name": "tiered:epic_melee_3",
                "operation": "ADDITION",
                "amount": 1
            },
            "optional_equipment_slots": [
                "MAINHAND"
            ]
        }
    ]
}