{
    "id": "tiered:uncommon_melee_1",
    "verifiers": [
        {
            "tag": "c:swords"
        },
        {
            "tag": "c:axes"
        },
        {
            "id": "mythicmetals:carmot_staff"
        },
        {
            "id": "conjuring:soul_alloy_scythe"
        }
    ],
    "weight": 35,
    "style": {
        "color": "dark_green"
    },
    "attributes": [
        {
            "type": "generic.attack_damage",
            "modifier": {
                "name": "tiered:uncommon_melee_1",
                "operation": "MULTIPLY_TOTAL",
                "amount": -0.15
            },
            "optional_equipment_slots": [
                "MAINHAND"
            ]
        },
        {
            "type": "tiered:generic.crit_chance",
            "modifier": {
                "name": "tiered:uncommon_melee_1",
                "operation": "MULTIPLY_TOTAL",
                "amount": -0.05
            },
            "optional_equipment_slots": [
                "MAINHAND"
            ]
        },
        {
            "type": "generic.luck",
            "modifier": {
                "name": "tiered:uncommon_melee_1",
                "operation": "ADDITION",
                "amount": -1
            },
            "optional_equipment_slots": [
                "MAINHAND"
            ]
        }
    ]
}