{
    "id": "tiered:unique_melee_1",
    "verifiers": [
        {
            "tag": "c:swords"
        },
        {
            "tag": "c:axes"
        },
        {
            "id": "mythicmetals:carmot_staff"
        },
        {
            "id": "conjuring:soul_alloy_scythe"
        }
    ],
    "weight": 0,
    "style": {
        "color": "light_purple"
    },
    "attributes": [
        {
            "type": "generic.attack_damage",
            "modifier": {
                "name": "tiered:unique_melee_1",
                "operation": "MULTIPLY_TOTAL",
                "amount": 0.3
            },
            "optional_equipment_slots": [
                "MAINHAND"
            ]
        },
        {
            "type": "tiered:generic.crit_chance",
            "modifier": {
                "name": "tiered:unique_melee_1",
                "operation": "MULTIPLY_TOTAL",
                "amount": 0.2
            },
            "optional_equipment_slots": [
                "MAINHAND"
            ]
        },
        {
            "type": "generic.luck",
            "modifier": {
                "name": "tiered:unique_melee_1",
                "operation": "ADDITION",
                "amount": 3
            },
            "optional_equipment_slots": [
                "MAINHAND"
            ]
        },
        {
            "type": "reach-entity-attributes:attack_range",
            "modifier": {
                "name": "tiered:unique_melee_1",
                "operation": "ADDITION",
                "amount": 0.5
            },
            "optional_equipment_slots": [
                "MAINHAND"
            ]
        }
    ]
}