{
	"type": "zenith:attribute",
	"attribute": "minecraft:generic.knockback_resistance",
	"operation": "ADDITION",
	"values": {
		"uncommon": {
			"min": 0.05,
			"steps": 5,
			"step": 0.01
		},
		"rare": {
			"min": 0.05,
			"steps": 5,
			"step": 0.01
		},
		"epic": {
			"min": 0.15,
			"steps": 5,
			"step": 0.01
		},
		"mythic": {
			"min": 0.15,
			"steps": 5,
			"step": 0.01
		},
		"ancient": {
			"min": 0.25,
			"steps": 5,
			"step": 0.01
		}
	},
	"types": [
		"helmet", "chestplate", "leggings", "boots"
	]
}