{
	"values": {
		"minecraft:generic.armor": {
			"weight": "r35:a100:x1:y10:z1:u0.05:v0.5:w0.01"
		},
		"minecraft:generic.armor_toughness": {
			"weight": "r25:a100:x1.5:y6:z0.5:u0.05:v0.5:w0.01"
		},
		"minecraft:generic.attack_damage": {
			"weight": "r50:a50:x1.0:y6.0:z0.5:u0.15:v0.5:w0.01"
		},
		"minecraft:generic.attack_speed": {
			"weight": "r30:a50:x0.5:y1.25:z0.1:u0.05:v0.5:w0.01"
		},
		"minecraft:generic.knockback_resistance": {
			"weight": "r20:a100:x0.01:y1:z0.01:u0.01:v0.5:w0.01"
		},
		"minecraft:generic.movement_speed": {
			"weight": "r15:a30:x0.02:y0.1:z0.001:u0.05:v0.5:w0.01"
		},
		"playerex:strength": {
			"weight": "r40:a50:x2:y10:z1:u0.15:v0.5:w0.01"
		},
		"playerex:constitution": {
			"weight": "r40:a50:x2:y10:z1:u0.15:v0.5:w0.01"
		},
		"playerex:dexterity": {
			"weight": "r40:a50:x2:y10:z1:u0.15:v0.5:w0.01"
		},
		"playerex:intelligence": {
			"weight": "r40:a50:x2:y10:z1:u0.15:v0.5:w0.01"
		},
		"playerex:luckiness": {
			"weight": "r40:a50:x2:y10:z1:u0.15:v0.5:w0.01"
		},
		"playerex:evasion": {
			"weight": "r30:a100:x0.1:y0.3:z0.01:u0.01:v0.5:w0.01"
		},
		"playerex:lifesteal": {
			"weight": "r40:a100:x0.002:y0.007:z0.001:u0.01:v0.5:w0.01"
		},
		"projectile_damage:generic": {
			"weight": "r40:a50:x1.0:y6.0:z0.5:u0.15:v0.5:w0.01"
		},
		"playerex:melee_crit_chance": {
			"weight": "r35:a100:x0.10:y0.31:z0.01:u0.01:v0.5:w0.01"
		},
		"playerex:melee_crit_damage": {
			"weight": "r50:a100:x0.05:y0.19:z0.01:u0.01:v0.5:w0.01"
		},
		"playerex:ranged_crit_chance": {
			"weight": "r35:a100:x0.10:y0.31:z0.01:u0.01:v0.5:w0.01"
		},
		"playerex:ranged_crit_damage": {
			"weight": "r50:a100:x0.05:y0.19:z0.01:u0.01:v0.5:w0.01"
		}
	}
}