  {
    "loading_priority": 1,
    "type": "origins:action_on_callback",
    "entity_action_added": {
      "type": "origins:and",
      "actions": [
        {
          "type": "origins:grant_power",
          "power": "oef:vegetarian",
          "source": "*:*"
        },
        {
          "type": "origins:grant_power",
          "power": "oef:omnivore_half_v",
          "source": "*:*"
        }
      ]
    },
    "entity_action_lost": {
      "type": "origins:and",
      "actions": [
        {
          "type": "origins:revoke_power",
          "power": "oef:vegetarian",
          "source": "*:*"
        },
        {
          "type": "origins:revoke_power",
          "power": "oef:omnivore_half_v",
          "source": "*:*"
        }
      ]
    }
  }
