{
	"type": "zenith:attribute",
	"attribute": "minecraft:generic.armor",
	"operation": "MULTIPLY_BASE",
	"values": {
		"common": {
			"min": 0.10,
			"steps": 5,
			"step": 0.01
		},
		"uncommon": {
			"min": 0.10,
			"steps": 5,
			"step": 0.01
		},
		"rare": {
			"min": 0.15,
			"steps": 5,
			"step": 0.01
		},
		"epic": {
			"min": 0.15,
			"steps": 5,
			"step": 0.01
		},
		"mythic": {
			"min": 0.15,
			"steps": 10,
			"step": 0.01
		},
		"ancient": {
			"min": 0.25,
			"steps": 5,
			"step": 0.01
		}
	},
	"types": [
		"shield"
	]
}