{
    "replace": false,
    "values": [
        {"id": "archers:archer_spell_book","required":false},
        {"id": "elemental_wizards_rpg:aqua_spell_book","required":false},
        {"id": "elemental_wizards_rpg:terra_spell_book","required":false},
        {"id": "elemental_wizards_rpg:wind_spell_book","required":false},
        {"id": "forcemaster_rpg:forcemaster_spell_book","required":false},
        {"id": "paladins:paladin_spell_book","required":false},
        {"id": "paladins:priest_spell_book","required":false},
        {"id": "rogues:rogue_spell_book","required":false},
        {"id": "rogues:warrior_spell_book","required":false},
        {"id": "spellbladenext:fire_battlemage_spell_book","required":false},
        {"id": "spellbladenext:frost_battlemage_spell_book","required":false},
        {"id": "spellbladenext:arcane_battlemage_spell_book","required":false},
        {"id": "spellbladenext:runic_echos_spell_book","required":false},
        {"id": "spellbladenext:phoenix_spell_book","required":false},
        {"id": "spellbladenext:deathchill_spell_book","required":false},
        {"id": "spellbladenext:vengeance_spell_book","required":false},
        {"id": "witcher_rpg:witcher_signs_spell_book","required":false},
        {"id": "witcher_rpg:witcher_combat_spell_book","required":false},
        {"id": "witcher_rpg:witcher_master_spell_book","required":false},
        {"id": "wizards:arcane_spell_book","required":false},
        {"id": "wizards:fire_spell_book","required":false},
        {"id": "wizards:frost_spell_book","required":false}
    ]
}