{
	"type": "zenith:attribute",
	"attribute": "zenith_attributes:life_steal",
	"operation": "ADDITION",
	"values": {
		"common": {
			"min": 0.01,
			"steps": 5,
			"step": 0.01
		},
		"uncommon": {
			"min": 0.02,
			"steps": 5,
			"step": 0.01
		},
		"rare": {
			"min": 0.04,
			"steps": 5,
			"step": 0.01
		},
		"epic": {
			"min": 0.05,
			"steps": 5,
			"step": 0.01
		},
		"mythic": {
			"min": 0.08,
			"steps": 5,
			"step": 0.01
		},
		"ancient": {
			"min": 0.1,
			"steps": 5,
			"step": 0.01
		}
	},
	"types": [
		"staff",
		"spell_weapon"
	]
}