{
	"type": "zenith:attribute",
	"attribute": "spell_power:critical_damage",
	"operation": "MULTIPLY_BASE",
	"values": {
		"common": {
			"min": 0.01,
			"steps": 10,
			"step": 0.01
		},
		"uncommon": {
			"min": 0.05,
			"steps": 10,
			"step": 0.01
		},
		"rare": {
			"min": 0.10,
			"steps": 10,
			"step": 0.01
		},
		"epic": {
			"min": 0.20,
			"steps": 10,
			"step": 0.01
		},
		"mythic": {
			"min": 0.30,
			"steps": 10,
			"step": 0.01
		},
		"ancient": {
			"min": 0.30,
			"steps": 10,
			"step": 0.01
		}
	},
	"types": [
		"staff",
		"spell_weapon"
	]
}