{
    "type": "minecraft:entity",
    "pools": [
        {
            "bonus_rolls": 0.0,
            "entries": [
                {
                    "type": "minecraft:item",
                    "functions": [
                        {
                            "add": false,
                            "count": {
                                "type": "minecraft:uniform",
                                "max": 1.0,
                                "min": 0.0
                            },
                            "function": "minecraft:set_count"
                        },
                        {
                            "count": {
                                "type": "minecraft:uniform",
                                "max": 1.0,
                                "min": 0.0
                            },
                            "enchantment": "minecraft:looting",
                            "function": "minecraft:enchanted_count_increase"
                        }
                    ],
                    "name": "adventurez:warthog_shell_piece"
                }
            ],
            "rolls": 0.75
        },
        {
            "bonus_rolls": 0.0,
            "entries": [
                {
                    "type": "minecraft:item",
                    "functions": [
                        {
                            "add": false,
                            "count": {
                                "type": "minecraft:uniform",
                                "max": 1.0,
                                "min": 0.0
                            },
                            "function": "minecraft:set_count"
                        },
                        {
                            "conditions": [
                                {
                                    "condition": "minecraft:any_of",
                                    "terms": [
                                        {
                                            "condition": "minecraft:entity_properties",
                                            "entity": "this",
                                            "predicate": {
                                                "flags": {
                                                    "is_on_fire": true
                                                }
                                            }
                                        },
                                        {
                                            "condition": "minecraft:entity_properties",
                                            "entity": "direct_attacker",
                                            "predicate": {
                                                "equipment": {
                                                    "mainhand": {
                                                        "predicates": {
                                                            "minecraft:enchantments": [
                                                                {
                                                                    "enchantments": "#minecraft:smelts_loot"
                                                                }
                                                            ]
                                                        }
                                                    }
                                                }
                                            }
                                        }
                                    ]
                                }
                            ],
                            "function": "minecraft:furnace_smelt"
                        },
                        {
                            "count": {
                                "type": "minecraft:uniform",
                                "max": 1.0,
                                "min": 0.0
                            },
                            "enchantment": "minecraft:looting",
                            "function": "minecraft:enchanted_count_increase"
                        }
                    ],
                    "name": "adventurez:warthog_meat"
                }
            ],
            "rolls": 1.0
        }
    ]
}