{"credit":"Made with blockbench","ambientocclusion":false,"textures":{"leaf":"druidcraft:block/elder_fruit_leavesa","fruit":"druidcraft:block/elder_fruit_mid_berries","particle":"druidcraft:block/elder_fruit_leavesa"},"elements":[{"from":[0,0,15.3],"to":[16,16,15.3],"faces":{"north":{"uv":[0,0,16,16],"texture":"#leaf","tintindex":0},"south":{"uv":[0,0,16,16],"texture":"#leaf","tintindex":0}}},{"from":[0,0,14.5],"to":[16,16,14.5],"faces":{"north":{"uv":[0,0,16,16],"texture":"#fruit","tintindex":0},"south":{"uv":[0,0,16,16],"texture":"#fruit","tintindex":0}}}]}