{
    "replace": false,
    "values": [
        "minecraft:chest",
        {"id":"#charmony:chests/wooden","required":false},
        {"id":"bewitchment:juniper_chest","required":false},
        {"id":"bewitchment:cypress_chest","required":false},
        {"id":"bewitchment:elder_chest","required":false},
        {"id":"bewitchment:dragons_blood_chest","required":false},
        {"id":"bewitchment:trapped_juniper_chest","required":false},
        {"id":"bewitchment:trapped_cypress_chest","required":false},
        {"id":"bewitchment:trapped_elder_chest","required":false},
        {"id":"bewitchment:trapped_dragons_blood_chest","required":false}
    ]
}