{
	"type": "zenith:attribute",
	"attribute": "zenith_attributes:mining_speed",
	"operation": "ADDITION",
	"values": {
		"common": {
			"min": 0.15,
			"steps": 10,
			"step": 0.01
		},
		"uncommon": {
			"min": 0.15,
			"steps": 10,
			"step": 0.01
		},
		"rare": {
			"min": 0.15,
			"steps": 10,
			"step": 0.01
		},
		"epic": {
			"min": 0.20,
			"steps": 15,
			"step": 0.01
		},
		"mythic": {
			"min": 0.20,
			"steps": 15,
			"step": 0.01
		},
		"ancient": {
			"min": 0.35,
			"steps": 15,
			"step": 0.01
		}
	},
	"types": [
		"pickaxe", "shovel"
	]
}