{
	"type": "zenith:attribute",
	"attribute": "stepheightentityattribute:stepheight",
	"operation": "ADDITION",
	"values": {
		"common": {
			"min": 0.5,
			"steps": 1,
			"step": 0
		},
		"uncommon": {
			"min": 0.5,
			"steps": 1,
			"step": 0
		},
		"rare": {
			"min": 0.5,
			"steps": 3,
			"step": 0.25
		},
		"epic": {
			"min": 0.5,
			"steps": 3,
			"step": 0.25
		},
		"mythic": {
			"min": 1,
			"steps": 1,
			"step": 0.5
		},
		"ancient": {
			"min": 1.5,
			"steps": 3,
			"step": 0.25
		}
	},
	"types": [
		"boots"
	]
}