{
	"type": "apotheosis:attribute",
	"attribute": "attributeslib:experience_gained",
	"operation": "ADDITION",
	"values": {
		"common": {
			"min": 0.25,
			"steps": 5,
			"step": 0.01
		},
		"uncommon": {
			"min": 0.25,
			"steps": 5,
			"step": 0.01
		},
		"rare": {
			"min": 0.25,
			"steps": 10,
			"step": 0.01
		},
		"epic": {
			"min": 0.35,
			"steps": 10,
			"step": 0.01
		},
		"mythic": {
			"min": 0.40,
			"steps": 15,
			"step": 0.01
		},
		"ancient": {
			"min": 0.55,
			"steps": 15,
			"step": 0.01
		}
	},
	"types": [
		"pickaxe", "shovel"
	]
}