{
	"type": "zenith:potion_charm",
	"fabric:load_conditions": [{
		"condition": "zenith:module",
		"module": "potion"
	}],
	"recipe": [
		[{
				"item": "minecraft:blaze_powder"
			},
			{
				"item": "minecraft:blaze_powder"
			},
			{
				"item": "minecraft:blaze_powder"
			}
		],
		[
			"potion",
			"potion",
			"potion"
		],
		[{
				"item": "minecraft:blaze_powder"
			},
			{
				"item": "minecraft:blaze_powder"
			},
			{
				"item": "minecraft:blaze_powder"
			}
		]
	]
}