{
  "type": "minecraft:entity",
  "pools": [
    {
      "bonus_rolls": 0.0,
      "entries": [
        {
          "type": "minecraft:empty",
          "weight": 500
        },
        {
          "type": "minecraft:item",
          "functions": [
            {
              "function": "treasurebags:select_bag_rarity",
              "rarity": "common"
            }
          ],
          "name": "treasurebags:treasure_bag",
          "weight": 5
        },
        {
          "type": "minecraft:item",
          "functions": [
            {
              "function": "treasurebags:select_bag_rarity",
              "rarity": "uncommon"
            }
          ],
          "name": "treasurebags:treasure_bag",
          "weight": 6
        },
        {
          "type": "minecraft:item",
          "functions": [
            {
              "function": "treasurebags:select_bag_rarity",
              "rarity": "rare"
            }
          ],
          "name": "treasurebags:treasure_bag",
          "weight": 4
        },
        {
          "type": "minecraft:item",
          "functions": [
            {
              "function": "treasurebags:select_bag_rarity",
              "rarity": "epic"
            }
          ],
          "name": "treasurebags:treasure_bag"
        }
      ],
      "rolls": 1.0
    }
  ]
}