{
	"weight": 100,
	"quality": 0,
	"name": "",
	"chance": 0.01,
	"entities": [
		"minecraft:enderman"
	],
	"valid_gear_sets": [
	],
	"dimensions": [
		"minecraft:the_end"
	],
	"affixed": false,
	"nbt": {
		"Passengers": []
	},
	"stats": {
		"enchant_chance": 0.35,
		"enchantment_levels": [12, 8, 20, 14],
		"effects": [{
			"effect": "minecraft:speed",
			"amplifier": 1,
			"chance": 1.0
		}],
		"attribute_modifiers": [{
				"attribute": "minecraft:generic.max_health",
				"operation": "ADDITION",
				"value": 20
			},
			{
				"attribute": "minecraft:generic.movement_speed",
				"operation": "MULTIPLY_BASE",
				"value": 0.25
			},
			{
				"attribute": "minecraft:generic.attack_damage",
				"operation": "MULTIPLY_BASE",
				"value": 0.10
			},
			{
				"attribute": "minecraft:generic.knockback_resistance",
				"operation": "ADDITION",
				"value": 0.5
			}
		]
	},
	"exclusions": []
}