{
  "type": "minecraft:crafting_shaped",
  "conditions": [{
	"type": "apotheosis:module",
    "module": "adventure"
  }],
  "group": "what",
  "pattern": [
    "GMG",
    "BPB",
    "GLG"
  ],
  "key": {
    "G": {
      "item": "apotheosis:gem_dust"
    },
	"M": {
      "item": "minecraft:amethyst_shard"
    },
	"B": {
      "item": "minecraft:ender_pearl"
    },
	"P": {
	  "type": "forge:partial_nbt",
      "item": "minecraft:potion",
	  "nbt": "{Potion: \"minecraft:thick\"}"
    },
	"L": {
      "item": "minecraft:water_bucket"
    }
  },
  "result": {
    "item": "apotheosis:vial_of_extraction",
    "count": 2
  }
}