{
  "type": "travelersbackpack:backpack_shaped",

  "pattern":
  [
    "XBX",
    "CDC",
    "XSX"
  ],

  "key":
  {
    "B":
    {
      "item": "minecraft:gold_ingot"
    },

    "X":
    {
      "item": "minecraft:leather"
    },

    "C":
    {
      "item": "travelersbackpack:backpack_tank"
    },

    "D":
    {
      "tag": "c:chest"
    },

    "S":
    {
      "tag": "travelersbackpack:sleeping_bags"
    }
  },

  "result":
  {
    "item": "travelersbackpack:standard",
    "count": 1
  }
}