{
  "feature": "celestisynth:lunar_crater",
  "placement": [
    {
      "type": "minecraft:rarity_filter",
      "chance": 8
    },
    {
      "type": "minecraft:height_range",
      "height": {
        "type": "minecraft:uniform",
        "max_inclusive": {
          "absolute": 30
        },
        "min_inclusive": {
          "above_bottom": 0
        }
      }
    },
    {
      "type": "minecraft:environment_scan",
      "allowed_search_condition": {
        "type": "minecraft:matching_blocks",
        "blocks": "minecraft:air"
      },
      "direction_of_search": "down",
      "max_steps": 12,
      "target_condition": {
        "type": "minecraft:solid"
      }
    },
    {
      "type": "minecraft:biome"
    }
  ]
}
