{
  "type": "minecraft:crafting_shapeless",
  "ingredients": [
    {
      "item": "minecraft:rotten_flesh"
    },
    {
      "item": "minecraft:rotten_flesh"
    },
    {
      "item": "minecraft:rotten_flesh"
    },
    {
      "item": "irons_spellbooks:uncommon_ink"
    },
    {
      "item": "irons_spellbooks:iron_spell_book"
    },
    {
      "item": "minecraft:quartz"
    },
    {
      "item": "irons_spellbooks:arcane_essence"
    },
    {
      "item": "minecraft:iron_sword"
    },
    {
      "item": "irons_spellbooks:arcane_essence"
    }
  ],
  "result": {
    "item": "irons_spellbooks:rotten_spell_book",
    "count": 1
  }
}