{
	"type": "zenith:mob_effect",
	"mob_effect": "zenith_attributes:bleeding",
	"target": "ATTACK_TARGET",
	"stack_on_reapply": true,
	"values": {
		"rare": {
			"duration": 100,
			"amplifier": 0,
			"cooldown": 80
		},
		"epic": {
			"duration": {
				"min": 100,
				"steps": 1,
				"step": 20
			},
			"amplifier": 0,
			"cooldown": 80
		},
		"mythic": {
			"duration": {
				"min": 100,
				"steps": 1,
				"step": 20
			},
			"amplifier": {
				"min": 0,
				"steps": 8,
				"step": 0.126
			},
			"cooldown": 80
		},
		"ancient": {
			"duration": {
				"min": 100,
				"steps": 2,
				"step": 20
			},
			"amplifier": {
				"min": 0,
				"steps": 16,
				"step": 0.126
			},
			"cooldown": 80
		}
	},
	"types": [
		"heavy_weapon"
	]
}