{
	"type": "zenith:attribute",
	"attribute": "zenith_attributes:cold_damage",
	"operation": "ADDITION",
	"values": {
		"uncommon": {
			"min": 2,
			"steps": 4,
			"step": 0.25
		},
		"rare": {
			"min": 2,
			"steps": 4,
			"step": 0.25
		},
		"epic": {
			"min": 2.5,
			"steps": 8,
			"step": 0.25
		},
		"mythic": {
			"min": 3,
			"steps": 8,
			"step": 0.25
		},
		"ancient": {
			"min": 3,
			"steps": 8,
			"step": 0.25
		}
	},
	"types": [
		"sword",
		"trident"
	]
}