{
	"name": "No Thirst",
	"description": "You do not need to drink water to stay alive.",
	"type": "origins:multiple",
	"resistance_recheck": {
		"type": "origins:action_over_time",
		"entity_action": {
			"type": "origins:and",
			"actions": [
				{
					"type": "origins:execute_command",
					"command": "thirst @s false"
				}
			]
		},
		"interval": 300
	},
	"add_remove": {
		"type": "origins:action_on_callback",
		"entity_action_lost": {
			"type": "origins:and",
			"actions": [
				{
					"type": "origins:execute_command",
					"command": "thirst @s true"
				}
			]
		},
		"entity_action_added": {
			"type": "origins:and",
			"actions": [
				{
					"type": "origins:execute_command",
					"command": "thirst @s false"
				}
			]
		}
	},
	"prevent_flask": {
		"loading_priority": 1,
		"type": "origins:action_on_callback",
		"entity_action_added": {
			"type": "origins:grant_power",
			"power": "origins_env_deh:no_flasks",
			"source": "*:*"
		},
		"entity_action_lost": {
			"type": "origins:revoke_power",
			"power": "origins_env_deh:no_flasks",
			"source": "*:*"
		}
	}
}