{
	"type": "zenith:attribute",
	"attribute": "minecraft:generic.movement_speed",
	"operation": "MULTIPLY_TOTAL",
	"values": {
		"common": {
			"min": 0.10,
			"steps": 2,
			"step": 0.05
		},
		"uncommon": {
			"min": 0.10,
			"steps": 3,
			"step": 0.05
		},
		"rare": {
			"min": 0.15,
			"steps": 3,
			"step": 0.05
		},
		"epic": {
			"min": 0.15,
			"steps": 4,
			"step": 0.05
		},
		"mythic": {
			"min": 0.15,
			"steps": 4,
			"step": 0.05
		},
		"ancient": {
			"min": 0.25,
			"steps": 5,
			"step": 0.05
		}
	},
	"types": [
		"leggings", "boots"
	]
}