{
	"conditions": [{
		"type": "forge:mod_loaded",
		"modid": "twilightforest"
	}],
	"weight": 80,
	"mainhands": [{
			"weight": 3,
			"stack": {
				"item": "twilightforest:steeleaf_sword"
			}
		},
		{
			"weight": 3,
			"stack": {
				"item": "twilightforest:steeleaf_axe"
			}
		},
		{
			"weight": 2,
			"stack": {
				"item": "twilightforest:steeleaf_pickaxe"
			}
		},
		{
			"weight": 2,
			"stack": {
				"item": "twilightforest:steeleaf_shovel"
			}
		}
	],
	"offhands": [{
		"weight": 1,
		"stack": {
			"item": "minecraft:shield"
		}
	}],
	"boots": [{
		"weight": 1,
		"stack": {
			"item": "twilightforest:steeleaf_boots"
		}
	}],
	"leggings": [{
		"weight": 1,
		"stack": {
			"item": "twilightforest:steeleaf_leggings"
		}
	}],
	"chestplates": [{
		"weight": 1,
		"stack": {
			"item": "twilightforest:steeleaf_chestplate"
		}
	}],
	"helmets": [{
		"weight": 1,
		"stack": {
			"item": "twilightforest:steeleaf_helmet"
		}
	}],
	"tags": [
		"twilight"
	]
}