{
	"type": "zenith:mob_effect",
	"mob_effect": "minecraft:speed",
	"target": "ARROW_SELF",
	"values": {
		"rare": {
			"duration": {
				"min": 40,
				"steps": 3,
				"step": 20
			},
			"amplifier": 0
		},
		"epic": {
			"duration": {
				"min": 40,
				"steps": 4,
				"step": 20
			},
			"amplifier": {
				"min": 0,
				"steps": 4,
				"step": 0.26
			}
		},
		"mythic": {
			"duration": {
				"min": 40,
				"steps": 5,
				"step": 20
			},
			"amplifier": {
				"min": 0,
				"steps": 8,
				"step": 0.26
			}
		},
		"ancient": {
			"duration": {
				"min": 120,
				"steps": 5,
				"step": 40
			},
			"amplifier": 3
		}
	},
	"types": [
		"bow",
		"crossbow",
		"trident"
	]
}