{
	"type": "zenith:mob_effect",
	"mob_effect": "minecraft:wither",
	"target": "ARROW_TARGET",
	"values": {
		"mythic": {
			"duration": {
				"min": 100,
				"steps": 2,
				"step": 20
			},
			"amplifier": {
				"min": 0,
				"steps": 12,
				"step": 0.26
			},
			"cooldown": 300
		},
		"ancient": {
			"duration": {
				"min": 100,
				"steps": 4,
				"step": 40
			},
			"amplifier": 2,
			"cooldown": 300
		}
	},
	"types": [
		"bow",
		"crossbow",
		"trident"
	]
}