{
  "replace": false,
  "values": [
    {"id":"bwplus:white_witch_wool","required":false},
    {"id":"bwplus:orange_witch_wool","required":false},
    {"id":"bwplus:magenta_witch_wool","required":false},
    {"id":"bwplus:light_blue_witch_wool","required":false},
    {"id":"bwplus:yellow_witch_wool","required":false},
    {"id":"bwplus:lime_witch_wool","required":false},
    {"id":"bwplus:gray_witch_wool","required":false},
    {"id":"bwplus:pink_witch_wool","required":false},
    {"id":"bwplus:light_gray_witch_wool","required":false},
    {"id":"bwplus:cyan_witch_wool","required":false},
    {"id":"bwplus:purple_witch_wool","required":false},
    {"id":"bwplus:blue_witch_wool","required":false},
    {"id":"bwplus:brown_witch_wool","required":false},
    {"id":"bwplus:green_witch_wool","required":false},
    {"id":"bwplus:red_witch_wool","required":false},
    {"id":"bwplus:black_witch_wool","required":false},
    {"id":"bwplus:white_witch_wool","required":false}
  ]
}
