{
    "values": {
        "playerex:constitution": {
	    	"additionalentityattributes:magic_protection": {
		        "behaviour": "ADDITION",
		        "value": 0.1
	      	}
    	},
    	"playerex:intelligence": {
	    	"wizardex:spell_power_all": {
		        "behaviour": "ADDITION",
		        "value": 0.02
	      	},
              "wizardex:crit_damage_factor": {
		        "behaviour": "ADDITION",
		        "value": 0.0025
      		}
    	},
    	"playerex:luckiness": {
    		"wizardex:crit_chance_factor": {
		        "behaviour": "ADDITION",
		        "value": 0.02
			}
    	},
        "wizardex:crit_chance_factor": {
            "spell_power:critical_chance": {
                "behaviour": "ADDITION",
                "value": 100.0
            }
        },
        "wizardex:crit_damage_factor": {
            "spell_power:critical_damage": {
                "behaviour": "ADDITION",
                "value": 1000.0
            }
        },
        "wizardex:spell_power_all": {
            "spell_power:arcane": {
                "behaviour": "MULTIPLY",
                "value": 1.0
            },
            "spell_power:fire": {
                "behaviour": "MULTIPLY",
                "value": 1.0
            },
            "spell_power:soul": {
                "behaviour": "MULTIPLY",
                "value": 1.0
            },
            "spell_power:healing": {
                "behaviour": "MULTIPLY",
                "value": 1.0
            },
            "spell_power:lightning": {
                "behaviour": "MULTIPLY",
                "value": 1.0
            },
            "spell_power:frost": {
                "behaviour": "MULTIPLY",
                "value": 1.0
            }
        },
        "wizardex:spell_power_fire": {
            "spell_power:fire": {
                "behaviour": "ADDITION",
                "value": 0.25
            }
        },
        "wizardex:spell_power_frost": {
            "spell_power:frost": {
                "behaviour": "ADDITION",
                "value": 0.25
            }
        },
        "wizardex:spell_power_lightning": {
            "spell_power:lightning": {
                "behaviour": "ADDITION",
                "value": 0.25
            }
        },
        "wizardex:spell_power_healing": {
            "spell_power:healing": {
                "behaviour": "ADDITION",
                "value": 0.25
            }
        },
        "wizardex:spell_power_arcane": {
            "spell_power:arcane": {
                "behaviour": "ADDITION",
                "value": 0.25
            }
        }
    }
}