{
	"type": "zenith:attribute",
	"attribute": "porting_lib:swim_speed",
	"operation": "MULTIPLY_TOTAL",
	"values": {
		"common": {
			"min": 0.20,
			"steps": 2,
			"step": 0.05
		},
		"uncommon": {
			"min": 0.20,
			"steps": 2,
			"step": 0.05
		},
		"rare": {
			"min": 0.30,
			"steps": 4,
			"step": 0.05
		},
		"epic": {
			"min": 0.30,
			"steps": 4,
			"step": 0.05
		},
		"mythic": {
			"min": 0.40,
			"steps": 6,
			"step": 0.05
		},
		"ancient": {
			"min": 0.40,
			"steps": 8,
			"step": 0.05
		}
	},
	"types": [
		"boots"
	]
}