{
    "body_temperature": {
        "replace": false,
        "max_very_cold": -2400,
        "max_cold": -1200,
        "min_cold": -120,
        "normal": 0,
        "min_hot": 120,
        "max_hot": 1200,
        "max_very_hot": 2400
    },
    "body_wetness": {
        "replace": false,
        "max_wetness": 200,
        "soaked": 180,
        "water": 200,
        "rain": 5,
        "dry": -5
    },
    "body_protection": {
        "replace": true,
        "max_heat": 300,
        "max_cold": 300,
        "max_heat_resistance": 600,
        "max_cold_resistance": 600
    },
    "biome_temperature": {
        "replace": true,
        "very_cold": 0.2,
        "cold": 0.4,
        "hot": 1.2,
        "very_hot": 1.6
    },
    "thermometer_temperature": {
        "replace": true,
        "very_cold": -8,
        "cold": -4,
        "hot": 4,
        "very_hot": 8
    },
    "acclimatization": {
        "replace": true,
        "hot_body_temperature": 30,
        "hot_body": -30,
        "very_hot_body_temperature": 300,
        "very_hot_body": -30,
        "cold_body_temperature": -30,
        "cold_body": 30,
        "very_cold_body_temperature": 300,
        "very_cold_body": 30
    },
    "effect": {
        "environmentz:cooling": {
            "replace": true,
            "temperature": -8,
            "heat_protection": 3
        },
        "environmentz:warming": {
            "replace": true,
            "temperature": 8,
            "cold_protection": 3
        },
        "minecraft:fire_resistance": {
            "replace": true,
            "temperature": 0,
            "heat_protection": 3
        },
        "rottencreatures:freeze": {
            "replace": true,
            "temperature": -8,
            "heat_protection": 4
        }
    },
    "minecraft:overworld": {
        "replace": true,
        "standard": {
            "very_cold": 0,
            "cold": 0,
            "normal": 0,
            "hot": 0,
            "very_hot": 0
        },
        "day": {
            "very_cold": -4,
            "cold": -2,
            "normal": 0,
            "hot": 1,
            "very_hot": 4
        },
        "night": {
            "very_cold": -8,
            "cold": -4,
            "normal": 0,
            "hot": 0,
            "very_hot": 0
        },
        "armor": {
            "very_cold": 1.5,
            "cold": 1,
            "normal": 0,
            "hot": 1,
            "very_hot": 1
        },
        "insulated_armor": {
            "very_cold": 2.25,
            "cold": 1.5,
            "normal": 0,
            "hot": 1,
            "very_hot": 2
        },
        "soaked": {
            "very_cold": -6,
            "cold": -5,
            "normal": 0,
            "hot": -3,
            "very_hot": -3
        },
        "wett": {
            "very_cold": -3,
            "cold": -2,
            "normal": -2,
            "hot": -2,
            "very_hot": -2
        },
        "sweat": {
            "hot": 0,
            "very_hot": 0
        },
        "shadow": {
            "very_cold": -1,
            "cold": -1,
            "normal": -1,
            "hot": -1,
            "very_hot": -1
        },
        "height": {
            "very_low": 1,
            "very_low_height": 2,
            "low": 0,
            "low_height": 30,
            "high": 0,
            "high_height": 120,
            "very_high": -1,
            "very_high_height": 190
        }
    },
    "minecraft:the_nether": {
        "replace": true,
        "basic": true,
        "standard": 4,
        "armor": 1,
        "insulated_armor": 3,
        "soaked": 0,
        "wett": 0,
        "sweat": 0,
        "shadow": 0,
        "height": 0
    },
    "minecraft:the_end": {
        "replace": true,
        "basic": true,
        "standard": 0,
        "armor": 0,
        "insulated_armor": 0,
        "soaked": 0,
        "wett": 0,
        "sweat": 0,
        "shadow": 0,
        "height": 0
    }
}