{
	"name": "Thermal Regulator",
	"description": "You are an entity of fire, you are completely immune to temperature unless submerged.",
	"type": "origins:conditioned_attribute",
	"condition": {
		"type": "origins:submerged_in",
		"fluid": "minecraft:water",
		"inverted": true
	},
	"modifiers": [
		{
			"attribute": "survive:generic.heat_resistance",
			"value": 1024,
			"operation": "addition"
		},
		{
			"attribute": "survive:generic.cold_resistance",
			"value": 1024,
			"operation": "addition"
		}
	],
	"interval": 20
}