{
  "attributes": {
    "pose": "bettercombat:pose_two_handed_heavy",
    "attack_range": 3.25,
    "two_handed": true,
    "category": "double_axe",
    "attacks": [
      {
        "hitbox": "HORIZONTAL_PLANE",
        "damage_multiplier": 1,
        "angle": 180,
        "upswing": 0.5,
        "animation": "bettercombat:two_handed_slash_horizontal_right",
        "swing_sound": {
          "id": "bettercombat:double_axe_swing"
        }
      },
      {
        "hitbox": "HORIZONTAL_PLANE",
        "damage_multiplier": 1,
        "angle": 180,
        "upswing": 0.5,
        "animation": "bettercombat:two_handed_slash_horizontal_left",
        "swing_sound": {
          "id": "bettercombat:double_axe_swing"
        }
      },
      {
        "hitbox": "HORIZONTAL_PLANE",
        "damage_multiplier": 1,
        "angle": 180,
        "upswing": 0.5,
        "animation": "bettercombat:two_handed_slash_horizontal_right",
        "swing_sound": {
          "id": "bettercombat:double_axe_swing"
        }
      },
      {
        "hitbox": "HORIZONTAL_PLANE",
        "damage_multiplier": 1,
        "angle": 360,
        "upswing": 0.5,
        "animation": "bettercombat:two_handed_spin",
        "swing_sound": {
          "id": "bettercombat:double_axe_swing",
          "pitch": 1.1
        }
      }
    ]
  }
}