{
  "type": "minecraft:gift",
  "pools": [
    {
      "bonus_rolls": {
        "type": "minecraft:uniform",
        "max": 1.0,
        "min": 0.0
      },
      "entries": [
        {
          "type": "minecraft:item",
          "functions": [
            {
              "add": false,
              "count": {
                "type": "minecraft:uniform",
                "max": 4.0,
                "min": 2.0
              },
              "function": "minecraft:set_count"
            }
          ],
          "name": "minecraft:iron_ingot",
          "weight": 100
        },
        {
          "type": "minecraft:item",
          "functions": [
            {
              "add": false,
              "count": {
                "type": "minecraft:uniform",
                "max": 6.0,
                "min": 3.0
              },
              "function": "minecraft:set_count"
            }
          ],
          "name": "minecraft:copper_ingot",
          "weight": 70
        },
        {
          "type": "minecraft:item",
          "functions": [
            {
              "add": false,
              "count": {
                "type": "minecraft:uniform",
                "max": 2.0,
                "min": 1.0
              },
              "function": "minecraft:set_count"
            }
          ],
          "name": "minecraft:gold_ingot",
          "weight": 40
        },
        {
          "type": "minecraft:item",
          "name": "minecraft:netherite_ingot"
        },
        {
          "type": "minecraft:tag",
          "expand": true,
          "name": "forge:ingots",
          "weight": 8
        }
      ],
      "rolls": {
        "type": "minecraft:uniform",
        "max": 2.0,
        "min": 1.0
      }
    }
  ],
  "random_sequence": "treasurebags:bags/ingots"
}