{
        "loading_priority": 1,
	"powers": [
                "medievalorigins:daemon/daemon_fire",
                "origins:heat_resistance",
		"medievalorigins:daemon/hellborne",
                "medievalorigins:daemon/carnivore",
                "medievalorigins:daemon/unholy_deal",
                "medievalorigins:daemon/hydrophobe",
                "medievalorigins:daemon/impure",
                "medievalorigins:daemon/overworld_weakness"  
	],
	"icon": "minecraft:crying_obsidian",
	"impact": 2,
        "order": 1
}
