{
	"type": "zenith:attribute",
	"attribute": "spell_power:fire",
	"operation": "MULTIPLY_BASE",
	"values": {
		"common": {
			"min": 0.01,
			"steps": 10,
			"step": 0.01
		},
		"uncommon": {
			"min": 0.03,
			"steps": 10,
			"step": 0.01
		},
		"rare": {
			"min": 0.05,
			"steps": 5,
			"step": 0.01
		},
		"epic": {
			"min": 0.07,
			"steps": 8,
			"step": 0.01
		},
		"mythic": {
			"min": 0.15,
			"steps": 10,
			"step": 0.01
		},
		"ancient": {
			"min": 0.25,
			"steps": 10,
			"step": 0.01
		}
	},
	"types": [
		"FIRE_STAFF",
		"ELEMENTAL_STAFF"
	]
}