{
  "loot_table": "lootintegrations:chests/village",
  "max_result_itemcount": 8,
  "integrated_loot_tables": {
    "nova_structures:chests/ancient_city_ice_box": 2,
    "nova_structures:chests/end_castle/castle_bar": 1,
    "nova_structures:chests/end_castle/supply": 2,
    "nova_structures:chests/end_lighthouse/supply_lighthouse": 2,
    "nova_structures:chests/food_supply": 2,
    "nova_structures:chests/illager_hideout_meat": 2,
    "nova_structures:chests/illager_hideout_random": 1,
    "nova_structures:chests/illager_hideout_utility": 1,
    "nova_structures:chests/illager_hideout_vegitarian": 1,
    "nova_structures:chests/mining_supply": 1,
    "nova_structures:chests/pillager_outpost_kitchen": 1,
    "nova_structures:pots/pot_illager_manor": 1,
    "nova_structures:chests/badland_miner_outpost": 2,
    "nova_structures:chests/badland_miner_outpost_forge": 2,
    "nova_structures:chests/badland_miner_outpost_towers": 2,
    "nova_structures:chests/hamlet/hamlet": 1,
    "nova_structures:chests/lone_citadel/c_cold_barrel": 1,
    "nova_structures:chests/lone_citadel/c_forge": 2,
    "nova_structures:chests/lone_citadel/c_supply": 2,
    "nova_structures:chests/nether_port/nether_port_supplies": 1,
    "nova_structures:chests/nether_skeleton_tower/skeleton_tower_supply": 2,
    "nova_structures:chests/toxic_lair/kitchen": 2,
    "nova_structures:chests/village/village_birch_house": 2,
    "nova_structures:chests/witch_villa/bedroom": 2,
    "nova_structures:chests/witch_villa/dirty_clothes": 2,
    "nova_structures:chests/witch_villa/gardening": 2,
    "nova_structures:chests/witch_villa/general_storage": 2,
    "nova_structures:chests/witch_villa/kitchen": 2,
    "nova_structures:chests/witch_villa/lab": 2,
    "nova_structures:chests/witch_villa/slime_room": 2,
    "nova_structures:chests/firewatch_tower": 2
  }
}