{
  "loot_table": "lootintegrations:chests/easy",
  "max_result_itemcount": 8,
  "integrated_loot_tables": {
    "nova_structures:pots/pot_ancient_city": 1,
    "nova_structures:chests/end_castle/rocket_barrel": 1,
    "nova_structures:chests/end_lighthouse/vault_lighthouse": 1,
    "nova_structures:chests/desert_ruins/desert_ruin_grave": 2,
    "nova_structures:chests/desert_ruins/desert_ruin_house": 1,
    "nova_structures:chests/desert_ruins/desert_ruin_lesser_treasure": 1,
    "nova_structures:chests/desert_ruins/desert_ruin_main_temple": 1,
    "nova_structures:chests/undead_crypts_grave": 1,
    "nova_structures:pots/pot_desert_ruin": 1,
    "nova_structures:chests/dungeon_1": 1,
    "nova_structures:chests/dungeon_2": 1,
    "nova_structures:chests/dungeon_3": 1,
    "nova_structures:chests/dungeon_4": 1,
    "nova_structures:chests/dungeon_5": 1,
    "nova_structures:chests/dungeon_6": 1,
    "nova_structures:chests/dungeon_7": 1,
    "nova_structures:chests/ruin_loot_master": 1,
    "nova_structures:pots/pot_jungle_ruin": 1,
    "nova_structures:chests/illager_camp": 2,
    "nova_structures:chests/illager_hideout_heart_loot": 1,
    "nova_structures:chests/illager_hideout_lesser_tresure": 1,
    "nova_structures:chests/illager_hideout_tresure": 2,
    "nova_structures:chests/illager_hideout_weaponry": 1,
    "nova_structures:chests/pillager_outpost_treasure": 2,
    "nova_structures:chests/mangrove_witchhud": 1,
    "nova_structures:pots/pot_stronghold": 1,
    "nova_structures:chests/creeping_crypt/crypt_grave": 1,
    "nova_structures:chests/creeping_crypt/crypt_hallway": 1,
    "nova_structures:chests/lone_citadel/c_banner": 1,
    "nova_structures:chests/lone_citadel/c_forge_chest": 2,
    "nova_structures:chests/lone_citadel/c_grave": 1,
    "nova_structures:chests/shrine/combat_pot": 1,
    "nova_structures:chests/shrine/combat_treasure_1": 2,
    "nova_structures:chests/shrine/combat_treasure_2": 2,
    "nova_structures:chests/shrine/combat_treasure_3": 2,
    "nova_structures:chests/shrine/shrine_lesser_ominous": 2,
    "nova_structures:chests/shrine/shrine_lesser_treasure": 2,
    "nova_structures:chests/toxic_lair/generic": 1,
    "nova_structures:chests/toxic_lair/toxic_boss_vault": 2,
    "nova_structures:chests/toxic_lair/toxic_vault": 2,
    "nova_structures:chests/stray_fort_archer": 1,
    "nova_structures:chests/stray_fort_loot_generic": 1,
    "nova_structures:chests/stray_fort_tresure": 2,
    "nova_structures:pots/lone_citadel/c_pot": 1,
    "nova_structures:pots/pot_badland_miner_outpost": 1,
    "nova_structures:pots/pot_basic": 1,
    "nova_structures:pots/pot_bunker": 1
  }
}