{
  "loot_table": "lootintegrations:chests/village",
  "max_result_itemcount": 10,
  "integrated_loot_tables": {
    "mvs:abandoned": 1,
    "mvs:cart": 1,
    "mvs:cartographer_tower": 1,
    "mvs:cathedral_base": 1,
    "mvs:cathedral_common": 1,
    "mvs:crystal": 1,
    "mvs:floating_islands": 1,
    "mvs:general": 1,
    "mvs:houses_books": 1,
    "mvs:houses_common": 1,
    "mvs:houses_desert": 1,
    "mvs:houses_flower": 1,
    "mvs:houses_uncommon": 1,
    "mvs:jungle_tower": 1,
    "mvs:large_carts": 1,
    "mvs:large_carts_2": 1,
    "mvs:mushroom_pond": 1,
    "mss:abandoned": 1,
    "mss:cart": 1,
    "mss:cartographer_tower": 1,
    "mss:cathedral_base": 1,
    "mss:cathedral_common": 1,
    "mss:crystal": 1,
    "mss:floating_islands": 1,
    "mss:general": 1,
    "mss:houses_books": 1,
    "mss:houses_common": 1,
    "mss:houses_desert": 1,
    "mss:houses_flower": 1,
    "mss:houses_uncommon": 1,
    "mss:jungle_tower": 1,
    "mss:large_carts": 1,
    "mss:large_carts_2": 1,
    "mss:mushroom_pond": 1,
    "mes:abandoned": 1,
    "mes:cart": 1,
    "mes:cartographer_tower": 1,
    "mes:cathedral_base": 1,
    "mes:cathedral_common": 1,
    "mes:crystal": 1,
    "mes:floating_islands": 1,
    "mes:general": 1,
    "mes:houses_books": 1,
    "mes:houses_common": 1,
    "mes:houses_desert": 1,
    "mes:houses_flower": 1,
    "mes:houses_uncommon": 1,
    "mes:jungle_tower": 1,
    "mes:large_carts": 1,
    "mes:large_carts_2": 1,
    "mes:mushroom_pond": 1
  }
}