{
  "loot_table": "lootintegrations:chests/easy",
  "max_result_itemcount": 8,
  "integrated_loot_tables": {
    "structory:harvest/manor2/loot": 1,
    "structory:harvest/manor2/treasure": 2,
    "structory:harvest/old_manor/treasure": 2,
    "structory:harvest/graveyard": 1,
    "structory:harvest/graveyard2": 1,
    "structory:library/high": 1,
    "structory:outcast/generic/bandit": 2,
    "structory:outcast/generic/miner": 2,
    "structory:outcast/mine/loot": 2,
    "structory:outcast/ruin/ruin": 2,
    "structory:ruin/swamp/loot": 2,
    "structory:ruin/taiga/illager_high": 1,
    "structory:ruin/taiga/illager_treasure": 2,
    "structory:ruin/taiga/loot": 2,
    "structory:ruin/ruin": 2,
    "structory_towers:basic/dark_basic": 1,
    "structory_towers:basic/pillager_basic": 1,
    "structory_towers:basic/wizard_basic": 1,
    "structory_towers:top/dark_top": 1,
    "structory_towers:top/desert_top": 1,
    "structory_towers:top/farm_top": 1,
    "structory_towers:top/forager_top": 1,
    "structory_towers:top/mangrove_top": 1,
    "structory_towers:top/nomad_top": 1,
    "structory_towers:top/paranoid_top": 1,
    "structory_towers:top/pillager_top": 1,
    "structory_towers:top/sacred_temple_top": 1,
    "structory_towers:top/small_firetower_top": 1,
    "structory_towers:top/strange_top": 1,
    "structory_towers:top/trader_top": 1,
    "structory_towers:top/wizard_top": 1,
    "structory_towers:top/workshop_top": 1,
    "structory_towers:toadstool": 1,
    "structory_towers:workshop_minecart": 1
  }
}