{
  "loot_table": "lootintegrations:chests/village",
  "max_result_itemcount": 10,
  "integrated_loot_tables": {
    "structory:harvest/old_manor/common": 2,
    "structory:library/junk": 1,
    "structory:library/low": 1,
    "structory:mood/badlands": 1,
    "structory:mood/cave": 1,
    "structory:mood/desert": 1,
    "structory:mood/farmer": 1,
    "structory:mood/fisherman": 1,
    "structory:mood/grassy": 1,
    "structory:mood/jungle": 1,
    "structory:mood/mangrove": 1,
    "structory:mood/miner": 1,
    "structory:mood/mushroom": 1,
    "structory:mood/ocean": 1,
    "structory:mood/snowy": 1,
    "structory:mood/taiga": 1,
    "structory:outcast/settlement": 2,
    "structory:ruin/taiga/illager_low": 1,
    "structory_towers:basic/desert_basic": 1,
    "structory_towers:basic/farm_basic": 1,
    "structory_towers:basic/forager_basic": 1,
    "structory_towers:basic/mangrove_basic": 1,
    "structory_towers:basic/nomad_basic": 1,
    "structory_towers:basic/paranoid_basic": 1,
    "structory_towers:basic/sacred_temple_basic": 1,
    "structory_towers:basic/small_firetower_basic": 1,
    "structory_towers:basic/trader_basic": 1,
    "structory_towers:basic/workshop_basic": 1
  }
}