{
  "loot_table": "lootintegrations:chests/easy",
  "max_result_itemcount": 8,
  "integrated_loot_tables": {
    "dungeons_arise:entities/gladiator_loot": 1,
    "dungeons_arise:chests/mines_treasure_small": 1,
    "dungeons_arise:chests/mines_treasure_medium": 4,
    "dungeons_arise:chests/undead_pirate_ship/undead_pirate_ship_treasure": 4,
    "dungeons_arise:chests/thornborn_towers/thornborn_towers_top_rooms": 1,
    "dungeons_arise:chests/thornborn_towers/thornborn_towers_barrels": 1,
    "dungeons_arise:chests/small_blimp/small_blimp_treasure": 2,
    "dungeons_arise:chests/small_blimp/small_blimp_redstone_chamber": 1,
    "dungeons_arise:chests/shiraz_palace/shiraz_palace_towers": 4,
    "dungeons_arise:chests/shiraz_palace/shiraz_palace_supply": 1,
    "dungeons_arise:chests/shiraz_palace/shiraz_palace_rooms": 1,
    "dungeons_arise:chests/shiraz_palace/shiraz_palace_normal": 2,
    "dungeons_arise:chests/shiraz_palace/shiraz_palace_gardens": 2,
    "dungeons_arise:chests/scorched_mines/scorched_mines_normal": 2,
    "dungeons_arise:chests/scorched_mines/scorched_mines_housing": 1,
    "dungeons_arise:chests/scorched_mines/scorched_mines_barrels": 1,
    "dungeons_arise:chests/plague_asylum/plague_asylum_normal": 3,
    "dungeons_arise:chests/plague_asylum/plague_asylum_cells": 1,
    "dungeons_arise:chests/plague_asylum/plague_asylum_barrels": 1,
    "dungeons_arise:chests/mushroom_village/mushroom_village_barrels": 1,
    "dungeons_arise:chests/mushroom_village/mushroom_village_treasure": 3,
    "dungeons_arise:chests/mushroom_mines/mushroom_mines_barrels": 1,
    "dungeons_arise:chests/mushroom_house/mushroom_house_treasure": 2,
    "dungeons_arise:chests/monastery/monastery_map": 1,
    "dungeons_arise:chests/monastery/monastery_bridges": 1,
    "dungeons_arise:chests/mining_system/mining_system_treasure": 4,
    "dungeons_arise:chests/mechanical_nest/mechanical_nest_treasure": 2,
    "dungeons_arise:chests/mechanical_nest/mechanical_nest_normal": 1,
    "dungeons_arise:chests/keep_kayra/keep_kayra_normal": 3,
    "dungeons_arise:chests/keep_kayra/keep_kayra_library_normal": 3,
    "dungeons_arise:chests/keep_kayra/keep_kayra_garden_normal": 3,
    "dungeons_arise:chests/jungle_tree_house/jungle_tree_house_treasure": 3,
    "dungeons_arise:chests/jungle_tree_house/jungle_tree_house_normal": 2,
    "dungeons_arise:chests/jungle_tree_house/jungle_tree_house_barrels": 1,
    "dungeons_arise:chests/infested_temple/infested_temple_room_table": 1,
    "dungeons_arise:chests/infested_temple/infested_temple_room_supply": 1,
    "dungeons_arise:chests/infested_temple/infested_temple_room_normal": 1,
    "dungeons_arise:chests/infested_temple/infested_temple_room_garden": 1,
    "dungeons_arise:chests/infested_temple/infested_temple_room_forge": 1,
    "dungeons_arise:chests/infested_temple/infested_temple_room_bookshelf": 1,
    "dungeons_arise:chests/illager_windmill/illager_windmill_treasure": 3,
    "dungeons_arise:chests/illager_windmill/illager_windmill_barrels": 1,
    "dungeons_arise:chests/illager_fort/illager_fort_normal": 2,
    "dungeons_arise:chests/illager_fort/illager_fort_barrels": 1,
    "dungeons_arise:chests/illager_corsair/illager_corsair_treasure": 3,
    "dungeons_arise:chests/illager_campsite/illager_campsite_tent": 2,
    "dungeons_arise:chests/illager_campsite/illager_campsite_map": 2,
    "dungeons_arise:chests/heavenly_rider/heavenly_rider_normal": 1,
    "dungeons_arise:chests/heavenly_rider/heavenly_rider_barrels": 1,
    "dungeons_arise:chests/greenwood_pub/greenwood_pub_normal": 1,
    "dungeons_arise:chests/foundry/foundry_passage_exterior": 1,
    "dungeons_arise:chests/ceryneian_hind/ceryneian_hind_treasure": 3,
    "dungeons_arise:chests/bandit_village/bandit_village_tents": 3,
    "dungeons_arise:chests/bandit_village/bandit_village_normal": 2,
    "dungeons_arise:chests/bandit_village/bandit_village_barrels": 1,
    "dungeons_arise:chests/bandit_towers/bandit_towers_treasure": 3,
    "dungeons_arise:chests/bandit_towers/bandit_towers_gardens": 2,
    "dungeons_arise:chests/abandoned_temple/abandoned_temple_top": 2,
    "dungeons_arise:chests/abandoned_temple/abandoned_temple_map": 2,
    "dungeons_arise_seven_seas:chests/corsair_corvette/corsair_corvette_barrels": 1,
    "dungeons_arise_seven_seas:chests/corsair_corvette/corsair_corvette_normal": 2,
    "dungeons_arise_seven_seas:chests/pirate_junk/pirate_junk_barrels": 1,
    "dungeons_arise_seven_seas:chests/pirate_junk/pirate_junk_normal": 2,
    "dungeons_arise_seven_seas:chests/small_yacht/small_yacht_barrels": 1,
    "dungeons_arise_seven_seas:chests/small_yacht/small_yacht_normal": 2,
    "dungeons_arise_seven_seas:chests/unicorn_galleon/unicorn_galleon_barrels": 1,
    "dungeons_arise_seven_seas:chests/unicorn_galleon/unicorn_galleon_normal": 2,
    "dungeons_arise_seven_seas:chests/victory_frigate/victory_frigate_barrels": 1,
    "dungeons_arise_seven_seas:chests/victory_frigate/victory_frigate_normal_upper": 2,
    "aether_villages:chests/olympic_citadel/olympic_citadel_treasure": 1
  }
}