{
  "loot_table": "lootintegrations:chests/village",
  "max_result_itemcount": 10,
  "integrated_loot_tables": {
    "dungeons_arise:chests/undead_pirate_ship/undead_pirate_ship_supply": 2,
    "dungeons_arise:chests/undead_pirate_ship/undead_pirate_ship_barrels": 2,
    "dungeons_arise:chests/thornborn_towers/thornborn_towers_rooms": 1,
    "dungeons_arise:chests/small_prairie_house/small_prairie_house_ruined": 2,
    "dungeons_arise:chests/small_prairie_house/small_prairie_house_normal": 3,
    "dungeons_arise:chests/small_prairie_house/small_prairie_house_barrels": 2,
    "dungeons_arise:chests/scorched_mines/scorched_mines_hub": 2,
    "dungeons_arise:chests/plague_asylum/plague_asylum_storage": 2,
    "dungeons_arise:chests/mushroom_mines/mushroom_mines_tools": 2,
    "dungeons_arise:chests/mushroom_mines/mushroom_mines_ores": 2,
    "dungeons_arise:chests/mushroom_house/mushroom_house_normal": 2,
    "dungeons_arise:chests/mushroom_house/mushroom_house_barrels": 1,
    "dungeons_arise:chests/monastery/monastery_barrels": 2,
    "dungeons_arise:chests/mining_system/mining_system_barrels": 2,
    "dungeons_arise:chests/merchant_campsite/merchant_campsite_tent": 2,
    "dungeons_arise:chests/merchant_campsite/merchant_campsite_supply": 2,
    "dungeons_arise:chests/merchant_campsite/merchant_campsite_map": 2,
    "dungeons_arise:chests/mechanical_nest/mechanical_nest_supply": 2,
    "dungeons_arise:chests/illager_galley/illager_galley_supply": 2,
    "dungeons_arise:chests/illager_galley/illager_galley_barrels": 1,
    "dungeons_arise:chests/illager_corsair/illager_corsair_supply": 2,
    "dungeons_arise:chests/illager_corsair/illager_corsair_barrels": 1,
    "dungeons_arise:chests/illager_campsite/illager_campsite_supply": 2,
    "dungeons_arise:chests/greenwood_pub/greenwood_pub_barrels_normal": 1,
    "dungeons_arise:chests/greenwood_pub/greenwood_pub_barrels_hallways": 1,
    "dungeons_arise:chests/bathhouse/bathhouse_normal": 2,
    "dungeons_arise:chests/bathhouse/bathhouse_barrels": 1,
    "dungeons_arise:chests/bandit_village/bandit_village_supply": 2,
    "dungeons_arise:chests/bandit_towers/bandit_towers_supply": 2,
    "dungeons_arise:chests/bandit_towers/bandit_towers_rooms": 2,
    "dungeons_arise:chests/bandit_towers/bandit_towers_normal": 2,
    "dungeons_arise:chests/bandit_towers/bandit_towers_barrels": 2,
    "dungeons_arise:chests/abandoned_temple/abandoned_temple_entrance": 2,
    "dungeons_arise_seven_seas:chests/pirate_junk/pirate_junk_supply": 2,
    "dungeons_arise_seven_seas:chests/unicorn_galleon/unicorn_galleon_supply": 2,
    "dungeons_arise_seven_seas:chests/victory_frigate/victory_frigate_supply": 2,
    "aether_villages:chests/olympic_citadel/olympic_citadel_normal": 2,
    "aether_villages:chests/olympic_citadel/olympic_citadel_supply": 2
  }
}