{
  "replace": false,
  "values": [
	  "minecraft:golden_sword",
	  "minecraft:golden_pickaxe",
	  "minecraft:golden_axe",
	  "minecraft:golden_shovel",
	  "minecraft:golden_hoe",
	  {"id":"#extraorigins:golden_tools","required": false},
	  {"id":"#extraorigins:golden_tools","required": false},
	  {"id":"mythicmetals:gilded_midas_gold_sword","required": false},
	  {"id":"mythicmetals:midas_gold_sword","required": false},
	  {"id":"nethersdelight:golden_machete","required": false},
	  {"id":"farmersdelight:golden_knife","required": false},
	  {"id":"twilightforest:gold_minotaur_axe","required": false},
	  {"id":"betterend:golden_hammer","required": false},
	  {"id":"mcdw:sickle_last_laugh_gold","required": false}
  ]
}
