{
	"type": "zenith:mob_effect",
	"mob_effect": "zenith_attributes:bleeding",
	"target": "BLOCK_ATTACKER",
	"stack_on_reapply": true,
	"values": {
		"rare": {
			"duration": {
				"min": 100,
				"steps": 1,
				"step": 20
			},
			"amplifier": 0,
			"cooldown": 60
		},
		"epic": {
			"duration": {
				"min": 100,
				"steps": 2,
				"step": 20
			},
			"amplifier": 0,
			"cooldown": 60
		},
		"mythic": {
			"duration": {
				"min": 100,
				"steps": 2,
				"step": 20
			},
			"amplifier": {
				"min": 0,
				"steps": 4,
				"step": 0.26
			},
			"cooldown": 60
		},
		"ancient": {
			"duration": {
				"min": 100,
				"steps": 2,
				"step": 20
			},
			"amplifier": 1,
			"cooldown": 60
		}
	},
	"types": [
		"shield"
	]
}