{
    "ordinal": 4,
    "color": "#ED7014",
    "material": "zenith:mythic_material",
	"weight": 8,
	"quality": 25,
	"rules": [{
			"type": "stat",
			"chance": 1.0
		},
		{
			"type": "stat",
			"chance": 1.0
		},
		{
			"type": "stat",
			"chance": 1.0
		},
		{
			"type": "stat",
			"chance": 1.0,
			"backup": {
				"type": "ability",
				"chance": 0.4
			}
		},
		{
			"type": "ability",
			"chance": 1.0
		},
		{
			"type": "ability",
			"chance": 1.0
		},
		{
			"type": "ability",
			"chance": 0.3
		},
		{
			"type": "socket",
			"chance": 1.0
		},
		{
			"type": "socket",
			"chance": 0.85
		},
		{
			"type": "socket",
			"chance": 0.65
		},
		{
			"type": "durability",
			"chance": 0.35
		}
	]
}