{
    "processors": [
        {
            "processor_type": "minecraft:rule",
            "rules": [
                {
                    "input_predicate": {
                        "predicate_type": "minecraft:random_block_match",
                        "block": "minecraft:dirt",
                        "probability": 0.3
                    },
                    "location_predicate":{
                        "predicate_type": "minecraft:always_true"
                    },
                    "output_state": {
                        "Name": "farmersdelight:rich_soil"
                    }
                },
                {
                    "input_predicate": {
                        "predicate_type": "minecraft:random_block_match",
                        "block": "minecraft:farmland",
                        "probability": 0.3
                    },
                    "location_predicate":{
                        "predicate_type": "minecraft:always_true"
                    },
                    "output_state": {
                        "Name": "farmersdelight:rich_soil_farmland",
                        "Properties": {
                            "moisture": "7"
                        }
                    }
                },
                {
                    "input_predicate": {
                        "predicate_type": "minecraft:random_block_match",
                        "block": "minecraft:grass_block",
                        "probability": 0.3
                    },
                    "location_predicate":{
                        "predicate_type": "minecraft:always_true"
                    },
                    "output_state": {
                        "Name": "farmersdelight:organic_compost"
                    }
                }
            ]
        },
        {
            "processor_type": "minecraft:rule",
            "rules": [
                {
                    "input_predicate": {
                        "predicate_type": "minecraft:random_block_match",
                        "block": "minecraft:snow",
                        "probability": 0.125
                    },
                    "location_predicate": {
                        "predicate_type": "minecraft:always_true"
                    },
                    "position_predicate": {
                        "predicate_type": "minecraft:always_true"
                    },
                    "output_state": {
                        "Name": "minecraft:snow",
                        "Properties": {
                            "layers":"2"
                        }
                    }
                },
                {
                    "input_predicate": {
                        "predicate_type": "minecraft:random_block_match",
                        "block": "minecraft:snow",
                        "probability": 0.125
                    },
                    "location_predicate": {
                        "predicate_type": "minecraft:always_true"
                    },
                    "position_predicate": {
                        "predicate_type": "minecraft:always_true"
                    },
                    "output_state": {
                        "Name": "minecraft:snow",
                        "Properties": {
                            "layers":"3"
                        }
                    }
                },
                {
                    "input_predicate": {
                        "predicate_type": "minecraft:random_block_match",
                        "block": "minecraft:snow",
                        "probability": 0.125
                    },
                    "location_predicate": {
                        "predicate_type": "minecraft:always_true"
                    },
                    "position_predicate": {
                        "predicate_type": "minecraft:always_true"
                    },
                    "output_state": {
                        "Name": "minecraft:snow",
                        "Properties": {
                            "layers":"4"
                        }
                    }
                },
                {
                    "input_predicate": {
                        "predicate_type": "minecraft:random_block_match",
                        "block": "minecraft:snow",
                        "probability": 0.125
                    },
                    "location_predicate": {
                        "predicate_type": "minecraft:always_true"
                    },
                    "position_predicate": {
                        "predicate_type": "minecraft:always_true"
                    },
                    "output_state": {
                        "Name": "minecraft:snow",
                        "Properties": {
                            "layers":"5"
                        }
                    }
                },
                {
                    "input_predicate": {
                        "predicate_type": "minecraft:random_block_match",
                        "block": "minecraft:snow",
                        "probability": 0.125
                    },
                    "location_predicate": {
                        "predicate_type": "minecraft:always_true"
                    },
                    "position_predicate": {
                        "predicate_type": "minecraft:always_true"
                    },
                    "output_state": {
                        "Name": "minecraft:snow",
                        "Properties": {
                            "layers":"6"
                        }
                    }
                },
                {
                    "input_predicate": {
                        "predicate_type": "minecraft:random_block_match",
                        "block": "minecraft:snow",
                        "probability": 0.125
                    },
                    "location_predicate": {
                        "predicate_type": "minecraft:always_true"
                    },
                    "position_predicate": {
                        "predicate_type": "minecraft:always_true"
                    },
                    "output_state": {
                        "Name": "minecraft:snow",
                        "Properties": {
                            "layers":"7"
                        }
                    }
                },
                {
                    "input_predicate": {
                        "predicate_type": "minecraft:random_block_match",
                        "block": "minecraft:snow",
                        "probability": 0.125
                    },
                    "location_predicate": {
                        "predicate_type": "minecraft:always_true"
                    },
                    "position_predicate": {
                        "predicate_type": "minecraft:always_true"
                    },
                    "output_state": {
                        "Name": "minecraft:snow_block"
                    }
                },
                {
                    "input_predicate": {
                        "predicate_type": "minecraft:block_match",
                        "block": "minecraft:snow_block"
                    },
                    "location_predicate": {
                        "predicate_type": "minecraft:always_true"
                    },
                    "position_predicate": {
                        "predicate_type": "minecraft:always_true"
                    },
                    "output_state": {
                        "Name": "minecraft:blue_ice"
                    }
                }
            ]
        }
    ]
}