{
  "id": "skilltree:alchemist_gateway",
  "bonuses": [],
  "directConnections": [
    "skilltree:hunter_subclass_1_defensive_1"
  ],
  "longConnections": [
    "skilltree:cook_gateway"
  ],
  "oneWayConnections": [],
  "tags": [],
  "backgroundTexture": "skilltree:textures/icons/background/gateway.png",
  "iconTexture": "skilltree:textures/icons/void.png",
  "borderTexture": "skilltree:textures/tooltip/gateway.png",
  "titleColor": "",
  "positionX": 105.95949,
  "positionY": 184.53412,
  "buttonSize": 30,
  "isStartingPoint": false
}