{
  "id": "skilltree:alchemist_defensive_4",
  "bonuses": [
    {
      "type": "skilltree:attribute",
      "attribute": "skilltree:evasion",
      "id": "5c86fc12-35b1-41b5-ab15-5a21ed5178a7",
      "name": "SkillBonus",
      "amount": 1.0,
      "operation": 0,
      "player_multiplier": {
        "type": "skilltree:none"
      },
      "player_condition": {
        "type": "skilltree:none"
      }
    }
  ],
  "directConnections": [
    "skilltree:alchemist_life_1",
    "skilltree:alchemist_defensive_5"
  ],
  "longConnections": [],
  "oneWayConnections": [],
  "tags": [],
  "backgroundTexture": "skilltree:textures/icons/background/lesser.png",
  "iconTexture": "skilltree:textures/icons/alchemist_defensive_1.png",
  "borderTexture": "skilltree:textures/tooltip/lesser.png",
  "titleColor": "",
  "positionX": 53.99701,
  "positionY": 245.53247,
  "buttonSize": 16,
  "isStartingPoint": false
}