{
  "id": "skilltree:alchemist_crafting_1",
  "bonuses": [
    {
      "type": "skilltree:crafted_item_bonus",
      "item_condition": {
        "potion_type": "any",
        "type": "skilltree:potion"
      },
      "item_bonus": {
        "chance": 0.1,
        "type": "skilltree:potion_amplification"
      }
    }
  ],
  "directConnections": [
    "skilltree:alchemist_crafting_2"
  ],
  "longConnections": [],
  "oneWayConnections": [],
  "tags": [],
  "backgroundTexture": "skilltree:textures/icons/background/lesser.png",
  "iconTexture": "skilltree:textures/icons/alchemist_crafting_1.png",
  "borderTexture": "skilltree:textures/tooltip/lesser.png",
  "titleColor": "",
  "positionX": 3.796405E-15,
  "positionY": 121.0,
  "buttonSize": 16,
  "isStartingPoint": false
}