{
  "id": "skilltree:alchemist_offensive_3",
  "bonuses": [
    {
      "type": "skilltree:damage",
      "amount": 0.05,
      "operation": 1,
      "player_multiplier": {
        "type": "skilltree:none"
      },
      "enemy_multiplier": {
        "type": "skilltree:none"
      },
      "player_condition": {
        "type": "skilltree:none"
      },
      "damage_condition": {
        "type": "skilltree:none"
      },
      "target_condition": {
        "effect": "minecraft:poison",
        "amplifier": 0,
        "type": "skilltree:has_effect"
      }
    }
  ],
  "directConnections": [
    "skilltree:alchemist_offensive_4"
  ],
  "longConnections": [],
  "oneWayConnections": [],
  "tags": [],
  "backgroundTexture": "skilltree:textures/icons/background/lesser.png",
  "iconTexture": "skilltree:textures/icons/alchemist_offensive_1.png",
  "borderTexture": "skilltree:textures/tooltip/lesser.png",
  "titleColor": "",
  "positionX": -40.99773,
  "positionY": 223.01144,
  "buttonSize": 16,
  "isStartingPoint": false
}