{
  "id": "skilltree:alchemist_lesser_3",
  "bonuses": [
    {
      "type": "skilltree:crafted_item_bonus",
      "item_condition": {
        "potion_type": "any",
        "type": "skilltree:potion"
      },
      "item_bonus": {
        "multiplier": 0.05,
        "type": "skilltree:potion_duration"
      }
    }
  ],
  "directConnections": [],
  "longConnections": [],
  "oneWayConnections": [],
  "tags": [],
  "backgroundTexture": "skilltree:textures/icons/background/lesser.png",
  "iconTexture": "skilltree:textures/icons/alchemist_lesser_1.png",
  "borderTexture": "skilltree:textures/tooltip/lesser.png",
  "titleColor": "",
  "positionX": 27.99701,
  "positionY": 349.53247,
  "buttonSize": 16,
  "isStartingPoint": false
}