{
  "id": "skilltree:alchemist_subclass_2_life_1",
  "bonuses": [
    {
      "type": "skilltree:attribute",
      "attribute": "minecraft:generic.max_health",
      "id": "28d2d825-2c8c-478d-8c93-4b7376de14f0",
      "name": "SkillBonus",
      "amount": 2.0,
      "operation": 0,
      "player_multiplier": {
        "type": "skilltree:none"
      },
      "player_condition": {
        "type": "skilltree:none"
      }
    },
    {
      "type": "skilltree:incoming_healing",
      "multiplier": 0.05,
      "player_multiplier": {
        "type": "skilltree:none"
      },
      "player_condition": {
        "type": "skilltree:none"
      }
    }
  ],
  "directConnections": [
    "skilltree:alchemist_subclass_2_life_2"
  ],
  "longConnections": [],
  "oneWayConnections": [],
  "tags": [],
  "backgroundTexture": "skilltree:textures/icons/background/lesser.png",
  "iconTexture": "skilltree:textures/icons/alchemist_subclass_2_life_1.png",
  "borderTexture": "skilltree:textures/tooltip/lesser.png",
  "titleColor": "",
  "positionX": 128.95822,
  "positionY": 342.79712,
  "buttonSize": 16,
  "isStartingPoint": false
}