{
  "id": "skilltree:alchemist_offensive_crafting_3",
  "bonuses": [
    {
      "type": "skilltree:crafted_item_bonus",
      "item_condition": {
        "potion_type": "harmful",
        "type": "skilltree:potion"
      },
      "item_bonus": {
        "chance": 0.1,
        "type": "skilltree:potion_amplification"
      }
    }
  ],
  "directConnections": [
    "skilltree:alchemist_offensive_crafting_4"
  ],
  "longConnections": [],
  "oneWayConnections": [],
  "tags": [],
  "backgroundTexture": "skilltree:textures/icons/background/lesser.png",
  "iconTexture": "skilltree:textures/icons/alchemist_offensive_crafting_1.png",
  "borderTexture": "skilltree:textures/tooltip/lesser.png",
  "titleColor": "",
  "positionX": -51.9798,
  "positionY": 182.03247,
  "buttonSize": 16,
  "isStartingPoint": false
}