{
  "id": "skilltree:alchemist_speed_1",
  "bonuses": [
    {
      "type": "skilltree:attribute",
      "attribute": "minecraft:generic.attack_speed",
      "id": "0f6a34ce-5319-420f-8676-31b03fcdbf32",
      "name": "SkillBonus",
      "amount": 0.05,
      "operation": 1,
      "player_multiplier": {
        "type": "skilltree:none"
      },
      "player_condition": {
        "min": 1,
        "type": "skilltree:effect_amount"
      }
    }
  ],
  "directConnections": [
    "skilltree:alchemist_speed_notable_1"
  ],
  "longConnections": [],
  "oneWayConnections": [],
  "tags": [],
  "backgroundTexture": "skilltree:textures/icons/background/lesser.png",
  "iconTexture": "skilltree:textures/icons/alchemist_speed_1.png",
  "borderTexture": "skilltree:textures/tooltip/lesser.png",
  "titleColor": "",
  "positionX": 27.99701,
  "positionY": 271.53247,
  "buttonSize": 16,
  "isStartingPoint": false
}