{
  "id": "skilltree:alchemist_subclass_special",
  "bonuses": [
    {
      "type": "skilltree:ignite",
      "chance": 0.5,
      "duration": 5,
      "event_listener": {
        "damage_condition": {
          "type": "skilltree:none"
        },
        "enemy_condition": {
          "type": "skilltree:none"
        },
        "player_condition": {
          "type": "skilltree:none"
        },
        "enemy_multiplier": {
          "type": "skilltree:none"
        },
        "player_multiplier": {
          "type": "skilltree:none"
        },
        "target": "enemy",
        "type": "skilltree:damage_taken"
      }
    }
  ],
  "directConnections": [],
  "longConnections": [],
  "oneWayConnections": [],
  "tags": [],
  "backgroundTexture": "skilltree:textures/icons/background/notable.png",
  "iconTexture": "skilltree:textures/icons/enchanter_subclass_1.png",
  "borderTexture": "skilltree:textures/tooltip/notable.png",
  "title": "Sunfire",
  "titleColor": "",
  "positionX": -211.186,
  "positionY": 365.788,
  "buttonSize": 20,
  "isStartingPoint": false
}