{
  "id": "skilltree:alchemist_subclass_2_life_notable_1",
  "bonuses": [
    {
      "type": "skilltree:incoming_healing",
      "multiplier": 0.1,
      "player_multiplier": {
        "type": "skilltree:none"
      },
      "player_condition": {
        "max": 0.5,
        "type": "skilltree:health_percentage"
      }
    }
  ],
  "directConnections": [],
  "longConnections": [],
  "oneWayConnections": [],
  "tags": [],
  "backgroundTexture": "skilltree:textures/icons/background/notable.png",
  "iconTexture": "skilltree:textures/icons/alchemist_subclass_2_life_notable_1.png",
  "borderTexture": "skilltree:textures/tooltip/notable.png",
  "titleColor": "",
  "positionX": 102.97842,
  "positionY": 435.7963,
  "buttonSize": 20,
  "isStartingPoint": false
}