{
  "id": "skilltree:alchemist_subclass_2_defensive_1",
  "bonuses": [
    {
      "type": "skilltree:attribute",
      "attribute": "skilltree:evasion",
      "id": "c57e2a72-2c8c-4388-ad96-e3eb1cf83865",
      "name": "SkillBonus",
      "amount": 1.0,
      "operation": 0,
      "player_multiplier": {
        "type": "skilltree:none"
      },
      "player_condition": {
        "type": "skilltree:none"
      }
    }
  ],
  "directConnections": [
    "skilltree:alchemist_subclass_2_defensive_2",
    "skilltree:alchemist_gateway",
    "skilltree:hunter_subclass_1_defensive_1"
  ],
  "longConnections": [],
  "oneWayConnections": [],
  "tags": [],
  "backgroundTexture": "skilltree:textures/icons/background/lesser.png",
  "iconTexture": "skilltree:textures/icons/alchemist_subclass_2_defensive_1.png",
  "borderTexture": "skilltree:textures/tooltip/lesser.png",
  "titleColor": "",
  "positionX": 105.95949,
  "positionY": 215.53412,
  "buttonSize": 16,
  "isStartingPoint": false
}