{
  "id": "skilltree:blacksmith_subclass_2_crafting_2",
  "bonuses": [
    {
      "type": "skilltree:repair_efficiency",
      "item_condition": {
        "equipment_type": "any",
        "type": "skilltree:equipment_type"
      },
      "multiplier": 0.05
    }
  ],
  "directConnections": [
    "skilltree:blacksmith_subclass_2_crafting_3",
    "skilltree:blacksmith_subclass_2_crafting_5"
  ],
  "longConnections": [],
  "oneWayConnections": [],
  "tags": [],
  "backgroundTexture": "skilltree:textures/icons/background/lesser.png",
  "iconTexture": "skilltree:textures/icons/blacksmith_subclass_2_crafting_1.png",
  "borderTexture": "skilltree:textures/tooltip/lesser.png",
  "titleColor": "",
  "positionX": -399.8586,
  "positionY": -45.011627,
  "buttonSize": 16,
  "isStartingPoint": false
}