{
  "id": "skilltree:blacksmith_subclass_1",
  "bonuses": [
    {
      "type": "skilltree:attribute",
      "attribute": "minecraft:generic.armor",
      "id": "d0520bd3-d646-4050-9b59-b37abf504ee7",
      "name": "SkillBonus",
      "amount": 5.0,
      "operation": 0,
      "player_multiplier": {
        "type": "skilltree:none"
      },
      "player_condition": {
        "type": "skilltree:none"
      }
    },
    {
      "type": "skilltree:attribute",
      "attribute": "skilltree:blocking",
      "id": "f097b467-2a9f-4314-8862-6e0be4c6ac39",
      "name": "SkillBonus",
      "amount": 5.0,
      "operation": 0,
      "player_multiplier": {
        "type": "skilltree:none"
      },
      "player_condition": {
        "type": "skilltree:none"
      }
    }
  ],
  "directConnections": [
    "skilltree:blacksmith_subclass_1_offensive_1",
    "skilltree:blacksmith_subclass_1_crafting_1"
  ],
  "longConnections": [],
  "oneWayConnections": [],
  "tags": [],
  "backgroundTexture": "skilltree:textures/icons/background/class.png",
  "iconTexture": "skilltree:textures/icons/blacksmith_subclass_1.png",
  "borderTexture": "skilltree:textures/tooltip/lesser.png",
  "titleColor": "",
  "positionX": -200.37517,
  "positionY": -283.09222,
  "buttonSize": 24,
  "isStartingPoint": false
}