{
  "id": "skilltree:blacksmith_lesser_4",
  "bonuses": [
    {
      "type": "skilltree:crafted_item_bonus",
      "item_condition": {
        "equipment_type": "any",
        "type": "skilltree:equipment_type"
      },
      "item_bonus": {
        "amount": 0.05,
        "operation": 1,
        "type": "skilltree:durability"
      }
    }
  ],
  "directConnections": [
    "skilltree:blacksmith_lesser_5"
  ],
  "longConnections": [],
  "oneWayConnections": [],
  "tags": [],
  "backgroundTexture": "skilltree:textures/icons/background/lesser.png",
  "iconTexture": "skilltree:textures/icons/blacksmith_lesser_1.png",
  "borderTexture": "skilltree:textures/tooltip/lesser.png",
  "titleColor": "",
  "positionX": -288.69278,
  "positionY": -199.03079,
  "buttonSize": 16,
  "isStartingPoint": false
}