{
  "id": "skilltree:blacksmith_subclass_1_offensive_2",
  "bonuses": [
    {
      "type": "skilltree:damage",
      "amount": 0.01,
      "operation": 1,
      "player_multiplier": {
        "type": "skilltree:none"
      },
      "enemy_multiplier": {
        "type": "skilltree:none"
      },
      "player_condition": {
        "type": "skilltree:none"
      },
      "damage_condition": {
        "type": "skilltree:melee"
      },
      "target_condition": {
        "type": "skilltree:none"
      }
    },
    {
      "type": "skilltree:attribute",
      "attribute": "skilltree:blocking",
      "id": "bd7a863a-4286-4cf0-9cc6-8d03ba98a7a0",
      "name": "SkillBonus",
      "amount": 1.0,
      "operation": 0,
      "player_multiplier": {
        "type": "skilltree:none"
      },
      "player_condition": {
        "type": "skilltree:none"
      }
    }
  ],
  "directConnections": [
    "skilltree:blacksmith_subclass_1_offensive_3"
  ],
  "longConnections": [],
  "oneWayConnections": [],
  "tags": [],
  "backgroundTexture": "skilltree:textures/icons/background/lesser.png",
  "iconTexture": "skilltree:textures/icons/blacksmith_subclass_1_offensive_1.png",
  "borderTexture": "skilltree:textures/tooltip/lesser.png",
  "titleColor": "",
  "positionX": -254.89099,
  "positionY": -296.09366,
  "buttonSize": 16,
  "isStartingPoint": false
}