{
  "id": "skilltree:blacksmith_subclass_1_crafting_1",
  "bonuses": [
    {
      "type": "skilltree:crafted_item_bonus",
      "item_condition": {
        "equipment_type": "melee_weapon",
        "type": "skilltree:equipment_type"
      },
      "item_bonus": {
        "skill_bonus": {
          "chance": 0.01,
          "player_multiplier": {
            "type": "skilltree:none"
          },
          "enemy_multiplier": {
            "type": "skilltree:none"
          },
          "player_condition": {
            "type": "skilltree:none"
          },
          "damage_condition": {
            "type": "skilltree:none"
          },
          "target_condition": {
            "type": "skilltree:none"
          },
          "type": "skilltree:crit_chance"
        },
        "type": "skilltree:skill_bonus"
      }
    }
  ],
  "directConnections": [
    "skilltree:blacksmith_subclass_1_crafting_2"
  ],
  "longConnections": [],
  "oneWayConnections": [],
  "tags": [],
  "backgroundTexture": "skilltree:textures/icons/background/lesser.png",
  "iconTexture": "skilltree:textures/icons/blacksmith_subclass_1_crafting_1.png",
  "borderTexture": "skilltree:textures/tooltip/lesser.png",
  "titleColor": "",
  "positionX": -216.37428,
  "positionY": -310.80554,
  "buttonSize": 16,
  "isStartingPoint": false
}