{
  "id": "skilltree:blacksmith_subclass_2_crafting_notable_1",
  "bonuses": [
    {
      "type": "skilltree:crafted_item_bonus",
      "item_condition": {
        "equipment_type": "shield",
        "type": "skilltree:equipment_type"
      },
      "item_bonus": {
        "skill_bonus": {
          "attribute": "skilltree:blocking",
          "id": "86b941d5-467f-4f70-b33d-66e8fe681c75",
          "name": "SkillBonus",
          "amount": 5.0,
          "operation": 0,
          "player_multiplier": {
            "type": "skilltree:none"
          },
          "player_condition": {
            "type": "skilltree:none"
          },
          "type": "skilltree:attribute"
        },
        "type": "skilltree:skill_bonus"
      }
    }
  ],
  "directConnections": [],
  "longConnections": [],
  "oneWayConnections": [],
  "tags": [],
  "backgroundTexture": "skilltree:textures/icons/background/notable.png",
  "iconTexture": "skilltree:textures/icons/blacksmith_subclass_2_crafting_notable_1.png",
  "borderTexture": "skilltree:textures/tooltip/notable.png",
  "titleColor": "",
  "positionX": -470.87152,
  "positionY": -56.015343,
  "buttonSize": 20,
  "isStartingPoint": false
}