{
  "id": "skilltree:blacksmith_subclass_2_defensive_1",
  "bonuses": [
    {
      "type": "skilltree:attribute",
      "attribute": "minecraft:generic.armor",
      "id": "08a77a31-f6e7-438c-a000-eed115495e6b",
      "name": "SkillBonus",
      "amount": 1.0,
      "operation": 0,
      "player_multiplier": {
        "type": "skilltree:none"
      },
      "player_condition": {
        "type": "skilltree:none"
      }
    }
  ],
  "directConnections": [
    "skilltree:blacksmith_subclass_2_defensive_2",
    "skilltree:blacksmith_gateway",
    "skilltree:miner_subclass_1_defensive_1"
  ],
  "longConnections": [],
  "oneWayConnections": [],
  "tags": [],
  "backgroundTexture": "skilltree:textures/icons/background/lesser.png",
  "iconTexture": "skilltree:textures/icons/blacksmith_subclass_2_defensive_1.png",
  "borderTexture": "skilltree:textures/tooltip/lesser.png",
  "titleColor": "",
  "positionX": -239.631,
  "positionY": -16.008415,
  "buttonSize": 16,
  "isStartingPoint": false
}