{
  "id": "skilltree:cook_healing_notable_1",
  "bonuses": [
    {
      "type": "skilltree:healing",
      "chance": 1.0,
      "amount": 1.0,
      "event_listener": {
        "damage_condition": {
          "type": "skilltree:none"
        },
        "enemy_condition": {
          "type": "skilltree:none"
        },
        "player_condition": {
          "min": 15,
          "type": "skilltree:food_level"
        },
        "enemy_multiplier": {
          "type": "skilltree:none"
        },
        "player_multiplier": {
          "type": "skilltree:none"
        },
        "target": "player",
        "type": "skilltree:block"
      }
    }
  ],
  "directConnections": [],
  "longConnections": [],
  "oneWayConnections": [],
  "tags": [],
  "backgroundTexture": "skilltree:textures/icons/background/notable.png",
  "iconTexture": "skilltree:textures/icons/cook_healing_notable_1.png",
  "borderTexture": "skilltree:textures/tooltip/notable.png",
  "titleColor": "",
  "positionX": -54.9606,
  "positionY": -94.42358,
  "buttonSize": 20,
  "isStartingPoint": false
}