{
  "id": "skilltree:cook_subclass_1_defensive_3",
  "bonuses": [
    {
      "type": "skilltree:attribute",
      "attribute": "skilltree:blocking",
      "id": "973dc2e5-e17c-4ee1-a43c-94be788f1c9d",
      "name": "SkillBonus",
      "amount": 1.0,
      "operation": 0,
      "player_multiplier": {
        "type": "skilltree:none"
      },
      "player_condition": {
        "type": "skilltree:none"
      }
    }
  ],
  "directConnections": [
    "skilltree:cook_subclass_1_defensive_4"
  ],
  "longConnections": [],
  "oneWayConnections": [],
  "tags": [],
  "backgroundTexture": "skilltree:textures/icons/background/lesser.png",
  "iconTexture": "skilltree:textures/icons/cook_subclass_1_defensive_1.png",
  "borderTexture": "skilltree:textures/tooltip/lesser.png",
  "titleColor": "",
  "positionX": 131.96848,
  "positionY": -260.5556,
  "buttonSize": 16,
  "isStartingPoint": false
}