{
  "id": "skilltree:cook_defensive_crafting_1",
  "bonuses": [
    {
      "type": "skilltree:crafted_item_bonus",
      "item_condition": {
        "type": "skilltree:food"
      },
      "item_bonus": {
        "amount": 0.1,
        "type": "skilltree:food_healing"
      }
    }
  ],
  "directConnections": [
    "skilltree:cook_defensive_crafting_2"
  ],
  "longConnections": [],
  "oneWayConnections": [],
  "tags": [],
  "backgroundTexture": "skilltree:textures/icons/background/lesser.png",
  "iconTexture": "skilltree:textures/icons/cook_defensive_crafting_1.png",
  "borderTexture": "skilltree:textures/tooltip/lesser.png",
  "titleColor": "",
  "positionX": -25.981241,
  "positionY": -137.00082,
  "buttonSize": 16,
  "isStartingPoint": false
}