{
  "id": "skilltree:cook_defensive_1",
  "bonuses": [
    {
      "type": "skilltree:attribute",
      "attribute": "skilltree:blocking",
      "id": "944462e2-277e-4061-a422-55eb74dd5f21",
      "name": "SkillBonus",
      "amount": 1.0,
      "operation": 0,
      "player_multiplier": {
        "type": "skilltree:none"
      },
      "player_condition": {
        "type": "skilltree:none"
      }
    }
  ],
  "directConnections": [
    "skilltree:cook_defensive_2"
  ],
  "longConnections": [],
  "oneWayConnections": [],
  "tags": [],
  "backgroundTexture": "skilltree:textures/icons/background/lesser.png",
  "iconTexture": "skilltree:textures/icons/cook_defensive_1.png",
  "borderTexture": "skilltree:textures/tooltip/lesser.png",
  "titleColor": "",
  "positionX": -14.999169,
  "positionY": -177.98125,
  "buttonSize": 16,
  "isStartingPoint": false
}