{
  "id": "skilltree:cook_gateway",
  "bonuses": [],
  "directConnections": [
    "skilltree:blacksmith_subclass_1_defensive_1"
  ],
  "longConnections": [],
  "oneWayConnections": [],
  "tags": [],
  "backgroundTexture": "skilltree:textures/icons/background/gateway.png",
  "iconTexture": "skilltree:textures/icons/void.png",
  "borderTexture": "skilltree:textures/tooltip/gateway.png",
  "titleColor": "",
  "positionX": -105.95949,
  "positionY": -184.53412,
  "buttonSize": 30,
  "isStartingPoint": false
}