{
  "id": "skilltree:cook_mastery",
  "bonuses": [
    {
      "type": "skilltree:crafted_item_bonus",
      "item_condition": {
        "type": "skilltree:food"
      },
      "item_bonus": {
        "multiplier": 0.5,
        "type": "skilltree:food_saturation"
      }
    }
  ],
  "directConnections": [],
  "longConnections": [],
  "oneWayConnections": [],
  "tags": [],
  "backgroundTexture": "skilltree:textures/icons/background/keystone.png",
  "iconTexture": "skilltree:textures/icons/cook_mastery.png",
  "borderTexture": "skilltree:textures/tooltip/keystone.png",
  "titleColor": "",
  "positionX": 0.0059814453,
  "positionY": -409.52728,
  "buttonSize": 32,
  "isStartingPoint": false
}