{
  "id": "skilltree:cook_crafting_notable_1",
  "bonuses": [
    {
      "type": "skilltree:crafted_item_bonus",
      "item_condition": {
        "type": "skilltree:food"
      },
      "item_bonus": {
        "effect": "skilltree:life_regeneration_bonus",
        "duration": 1200,
        "amplifier": 19,
        "type": "skilltree:food_effect"
      }
    }
  ],
  "directConnections": [],
  "longConnections": [],
  "oneWayConnections": [],
  "tags": [],
  "backgroundTexture": "skilltree:textures/icons/background/notable.png",
  "iconTexture": "skilltree:textures/icons/cook_crafting_notable_1.png",
  "borderTexture": "skilltree:textures/tooltip/notable.png",
  "titleColor": "",
  "positionX": 1.8614632E-14,
  "positionY": -37.0,
  "buttonSize": 20,
  "isStartingPoint": false
}