{
  "id": "skilltree:cook_offensive_keystone_1",
  "bonuses": [
    {
      "type": "skilltree:damage",
      "amount": 0.02,
      "operation": 1,
      "player_multiplier": {
        "type": "skilltree:food_level"
      },
      "enemy_multiplier": {
        "type": "skilltree:none"
      },
      "player_condition": {
        "type": "skilltree:none"
      },
      "damage_condition": {
        "type": "skilltree:none"
      },
      "target_condition": {
        "type": "skilltree:none"
      }
    }
  ],
  "directConnections": [],
  "longConnections": [],
  "oneWayConnections": [],
  "tags": [],
  "backgroundTexture": "skilltree:textures/icons/background/keystone.png",
  "iconTexture": "skilltree:textures/icons/cook_offensive_keystone_1.png",
  "borderTexture": "skilltree:textures/tooltip/keystone.png",
  "titleColor": "",
  "positionX": 54.00598,
  "positionY": -383.52728,
  "buttonSize": 32,
  "isStartingPoint": false
}