{
  "id": "skilltree:cook_subclass_1_mastery",
  "bonuses": [
    {
      "type": "skilltree:crit_chance",
      "chance": 0.15,
      "player_multiplier": {
        "type": "skilltree:none"
      },
      "enemy_multiplier": {
        "type": "skilltree:none"
      },
      "player_condition": {
        "max": 0.5,
        "type": "skilltree:health_percentage"
      },
      "damage_condition": {
        "type": "skilltree:none"
      },
      "target_condition": {
        "type": "skilltree:none"
      }
    },
    {
      "type": "skilltree:healing",
      "chance": 1.0,
      "amount": 1.0,
      "event_listener": {
        "damage_condition": {
          "type": "skilltree:none"
        },
        "enemy_condition": {
          "type": "skilltree:none"
        },
        "player_condition": {
          "max": 0.5,
          "type": "skilltree:health_percentage"
        },
        "enemy_multiplier": {
          "type": "skilltree:none"
        },
        "player_multiplier": {
          "type": "skilltree:none"
        },
        "target": "player",
        "type": "skilltree:attack"
      }
    }
  ],
  "directConnections": [
    "skilltree:cook_subclass_1_offensive_4"
  ],
  "longConnections": [],
  "oneWayConnections": [],
  "tags": [],
  "backgroundTexture": "skilltree:textures/icons/background/keystone.png",
  "iconTexture": "skilltree:textures/icons/cook_subclass_1_mastery.png",
  "borderTexture": "skilltree:textures/tooltip/keystone.png",
  "titleColor": "",
  "positionX": 142.97267,
  "positionY": -451.96072,
  "buttonSize": 32,
  "isStartingPoint": false
}