{
  "id": "skilltree:cook_defensive_8",
  "bonuses": [
    {
      "type": "skilltree:attribute",
      "attribute": "skilltree:blocking",
      "id": "be6da6e2-1c5a-4e7f-a455-2563a5806807",
      "name": "SkillBonus",
      "amount": 1.0,
      "operation": 0,
      "player_multiplier": {
        "type": "skilltree:none"
      },
      "player_condition": {
        "type": "skilltree:none"
      }
    }
  ],
  "directConnections": [
    "skilltree:cook_defensive_keystone_1"
  ],
  "longConnections": [],
  "oneWayConnections": [],
  "tags": [],
  "backgroundTexture": "skilltree:textures/icons/background/lesser.png",
  "iconTexture": "skilltree:textures/icons/cook_defensive_1.png",
  "borderTexture": "skilltree:textures/tooltip/lesser.png",
  "titleColor": "",
  "positionX": -53.99701,
  "positionY": -349.53247,
  "buttonSize": 16,
  "isStartingPoint": false
}