{
  "id": "skilltree:enchanter_subclass_1_crafting_5",
  "bonuses": [
    {
      "type": "skilltree:crafted_item_bonus",
      "item_condition": {
        "equipment_type": "weapon",
        "type": "skilltree:equipment_type"
      },
      "item_bonus": {
        "skill_bonus": {
          "chance": 0.05,
          "duration": 5,
          "event_listener": {
            "damage_condition": {
              "type": "skilltree:none"
            },
            "enemy_condition": {
              "type": "skilltree:none"
            },
            "player_condition": {
              "type": "skilltree:none"
            },
            "enemy_multiplier": {
              "type": "skilltree:none"
            },
            "player_multiplier": {
              "type": "skilltree:none"
            },
            "target": "enemy",
            "type": "skilltree:attack"
          },
          "type": "skilltree:ignite"
        },
        "type": "skilltree:skill_bonus"
      }
    }
  ],
  "directConnections": [
    "skilltree:enchanter_subclass_special"
  ],
  "longConnections": [],
  "oneWayConnections": [],
  "tags": [],
  "backgroundTexture": "skilltree:textures/icons/background/lesser.png",
  "iconTexture": "skilltree:textures/icons/enchanter_subclass_1_crafting_1.png",
  "borderTexture": "skilltree:textures/tooltip/lesser.png",
  "titleColor": "",
  "positionX": 422.38455,
  "positionY": -31.992743,
  "buttonSize": 16,
  "isStartingPoint": false
}