{
  "id": "skilltree:enchanter_defensive_6",
  "bonuses": [
    {
      "type": "skilltree:attribute",
      "attribute": "skilltree:blocking",
      "id": "62a663b2-35f1-49fc-bec2-63826246142b",
      "name": "SkillBonus",
      "amount": 1.0,
      "operation": 0,
      "player_multiplier": {
        "type": "skilltree:none"
      },
      "player_condition": {
        "type": "skilltree:none"
      }
    }
  ],
  "directConnections": [
    "skilltree:enchanter_defensive_7",
    "skilltree:enchanter_crit_1"
  ],
  "longConnections": [],
  "oneWayConnections": [],
  "tags": [],
  "backgroundTexture": "skilltree:textures/icons/background/lesser.png",
  "iconTexture": "skilltree:textures/icons/enchanter_defensive_1.png",
  "borderTexture": "skilltree:textures/tooltip/lesser.png",
  "titleColor": "",
  "positionX": 230.6784,
  "positionY": -195.52164,
  "buttonSize": 16,
  "isStartingPoint": false
}