{
  "id": "skilltree:enchanter_subclass_2",
  "bonuses": [
    {
      "type": "skilltree:attribute",
      "attribute": "skilltree:exp_per_minute",
      "id": "8f416eb2-1053-4f95-9f90-aadfd0199f83",
      "name": "SkillBonus",
      "amount": 5.0,
      "operation": 0,
      "player_multiplier": {
        "type": "skilltree:none"
      },
      "player_condition": {
        "type": "skilltree:none"
      }
    }
  ],
  "directConnections": [
    "skilltree:enchanter_subclass_2_crafting_1",
    "skilltree:enchanter_subclass_2_life_1"
  ],
  "longConnections": [],
  "oneWayConnections": [],
  "tags": [],
  "backgroundTexture": "skilltree:textures/icons/background/class.png",
  "iconTexture": "skilltree:textures/icons/enchanter_subclass_2.png",
  "borderTexture": "skilltree:textures/tooltip/lesser.png",
  "titleColor": "",
  "positionX": 200.40228,
  "positionY": -283.073,
  "buttonSize": 24,
  "isStartingPoint": false
}