{
  "id": "skilltree:enchanter_life_2",
  "bonuses": [
    {
      "type": "skilltree:attribute",
      "attribute": "minecraft:generic.max_health",
      "id": "c0fd0b75-331b-4f56-8354-1112678b81c0",
      "name": "SkillBonus",
      "amount": 2.0,
      "operation": 0,
      "player_multiplier": {
        "type": "skilltree:none"
      },
      "player_condition": {
        "item_condition": {
          "item_condition": {
            "type": "skilltree:none"
          },
          "type": "skilltree:enchanted"
        },
        "type": "skilltree:has_item_equipped"
      }
    }
  ],
  "directConnections": [
    "skilltree:enchanter_life_notable_1"
  ],
  "longConnections": [],
  "oneWayConnections": [],
  "tags": [],
  "backgroundTexture": "skilltree:textures/icons/background/lesser.png",
  "iconTexture": "skilltree:textures/icons/enchanter_life_1.png",
  "borderTexture": "skilltree:textures/tooltip/lesser.png",
  "titleColor": "",
  "positionX": 226.639,
  "positionY": -98.51286,
  "buttonSize": 16,
  "isStartingPoint": false
}