{
  "id": "skilltree:enchanter_subclass_2_life_1",
  "bonuses": [
    {
      "type": "skilltree:attribute",
      "attribute": "minecraft:generic.max_health",
      "id": "05fbd8a5-aa8e-4718-9ac2-b50328811eae",
      "name": "SkillBonus",
      "amount": 2.0,
      "operation": 0,
      "player_multiplier": {
        "type": "skilltree:none"
      },
      "player_condition": {
        "type": "skilltree:none"
      }
    },
    {
      "type": "skilltree:attribute",
      "attribute": "skilltree:exp_per_minute",
      "id": "99a5a698-8b87-4bf2-8217-1a844ca5e0a5",
      "name": "SkillBonus",
      "amount": 0.5,
      "operation": 0,
      "player_multiplier": {
        "type": "skilltree:none"
      },
      "player_condition": {
        "type": "skilltree:none"
      }
    }
  ],
  "directConnections": [
    "skilltree:enchanter_subclass_2_life_2"
  ],
  "longConnections": [],
  "oneWayConnections": [],
  "tags": [],
  "backgroundTexture": "skilltree:textures/icons/background/lesser.png",
  "iconTexture": "skilltree:textures/icons/enchanter_subclass_2_life_1.png",
  "borderTexture": "skilltree:textures/tooltip/lesser.png",
  "titleColor": "",
  "positionX": 232.40228,
  "positionY": -283.073,
  "buttonSize": 16,
  "isStartingPoint": false
}