{
  "id": "skilltree:enchanter_crafting_2",
  "bonuses": [
    {
      "type": "skilltree:free_enchantment",
      "chance": 0.05
    }
  ],
  "directConnections": [
    "skilltree:enchanter_crafting_3"
  ],
  "longConnections": [],
  "oneWayConnections": [],
  "tags": [],
  "backgroundTexture": "skilltree:textures/icons/background/lesser.png",
  "iconTexture": "skilltree:textures/icons/enchanter_crafting_1.png",
  "borderTexture": "skilltree:textures/tooltip/lesser.png",
  "titleColor": "",
  "positionX": 81.40789,
  "positionY": -46.997395,
  "buttonSize": 16,
  "isStartingPoint": false
}