{
  "id": "skilltree:enchanter_offensive_crafting_3",
  "bonuses": [
    {
      "type": "skilltree:enchantment_amplification",
      "enchantment_condition": {
        "type": "skilltree:weapon"
      },
      "chance": 0.1
    }
  ],
  "directConnections": [
    "skilltree:enchanter_offensive_crafting_4"
  ],
  "longConnections": [],
  "oneWayConnections": [],
  "tags": [],
  "backgroundTexture": "skilltree:textures/icons/background/lesser.png",
  "iconTexture": "skilltree:textures/icons/enchanter_offensive_crafting_1.png",
  "borderTexture": "skilltree:textures/tooltip/lesser.png",
  "titleColor": "",
  "positionX": 183.63829,
  "positionY": -45.99579,
  "buttonSize": 16,
  "isStartingPoint": false
}