{
  "id": "skilltree:enchanter_subclass_1_defensive_3",
  "bonuses": [
    {
      "type": "skilltree:attribute",
      "attribute": "skilltree:evasion",
      "id": "626f7e9a-d1b7-4447-9265-ff010c8ce45f",
      "name": "SkillBonus",
      "amount": 0.5,
      "operation": 0,
      "player_multiplier": {
        "type": "skilltree:none"
      },
      "player_condition": {
        "type": "skilltree:none"
      }
    },
    {
      "type": "skilltree:attribute",
      "attribute": "skilltree:blocking",
      "id": "8f4ca062-498e-4c12-920e-4390cd985abf",
      "name": "SkillBonus",
      "amount": 0.5,
      "operation": 0,
      "player_multiplier": {
        "type": "skilltree:none"
      },
      "player_condition": {
        "type": "skilltree:none"
      }
    }
  ],
  "directConnections": [
    "skilltree:enchanter_subclass_1_defensive_4"
  ],
  "longConnections": [],
  "oneWayConnections": [],
  "tags": [],
  "backgroundTexture": "skilltree:textures/icons/background/lesser.png",
  "iconTexture": "skilltree:textures/icons/enchanter_subclass_1_defensive_1.png",
  "borderTexture": "skilltree:textures/tooltip/lesser.png",
  "titleColor": "",
  "positionX": 291.6383,
  "positionY": -15.995789,
  "buttonSize": 16,
  "isStartingPoint": false
}