{
  "id": "skilltree:enchanter_subclass_1",
  "bonuses": [
    {
      "type": "skilltree:damage",
      "amount": 0.15,
      "operation": 1,
      "player_multiplier": {
        "type": "skilltree:none"
      },
      "enemy_multiplier": {
        "type": "skilltree:none"
      },
      "player_condition": {
        "type": "skilltree:none"
      },
      "damage_condition": {
        "type": "skilltree:none"
      },
      "target_condition": {
        "type": "skilltree:burning"
      }
    },
    {
      "type": "skilltree:ignite",
      "chance": 0.15,
      "duration": 5,
      "event_listener": {
        "damage_condition": {
          "type": "skilltree:none"
        },
        "enemy_condition": {
          "type": "skilltree:none"
        },
        "player_condition": {
          "type": "skilltree:none"
        },
        "enemy_multiplier": {
          "type": "skilltree:none"
        },
        "player_multiplier": {
          "type": "skilltree:none"
        },
        "target": "enemy",
        "type": "skilltree:attack"
      }
    }
  ],
  "directConnections": [
    "skilltree:enchanter_subclass_1_offensive_1",
    "skilltree:enchanter_subclass_1_crafting_1"
  ],
  "longConnections": [],
  "oneWayConnections": [],
  "tags": [],
  "backgroundTexture": "skilltree:textures/icons/background/class.png",
  "iconTexture": "skilltree:textures/icons/enchanter_subclass_1.png",
  "borderTexture": "skilltree:textures/tooltip/lesser.png",
  "titleColor": "",
  "positionX": 345.35162,
  "positionY": -31.994904,
  "buttonSize": 24,
  "isStartingPoint": false
}