{
  "id": "skilltree:enchanter_subclass_2_mastery",
  "bonuses": [
    {
      "type": "skilltree:attribute",
      "attribute": "skilltree:exp_per_minute",
      "id": "2e7a6734-0918-4752-a7ed-1b373a69f423",
      "name": "SkillBonus",
      "amount": 20.0,
      "operation": 0,
      "player_multiplier": {
        "type": "skilltree:none"
      },
      "player_condition": {
        "type": "skilltree:none"
      }
    }
  ],
  "directConnections": [
    "skilltree:enchanter_subclass_2_life_4"
  ],
  "longConnections": [],
  "oneWayConnections": [],
  "tags": [],
  "backgroundTexture": "skilltree:textures/icons/background/keystone.png",
  "iconTexture": "skilltree:textures/icons/enchanter_subclass_2_mastery.png",
  "borderTexture": "skilltree:textures/tooltip/keystone.png",
  "titleColor": "",
  "positionX": 319.95526,
  "positionY": -349.7826,
  "buttonSize": 32,
  "isStartingPoint": false
}