{
  "id": "skilltree:enchanter_subclass_special",
  "bonuses": [
    {
      "type": "skilltree:crafted_item_bonus",
      "item_condition": {
        "tag_id": "curios:quiver",
        "type": "skilltree:tag"
      },
      "item_bonus": {
        "skill_bonus": {
          "amount": 0.1,
          "operation": 1,
          "player_multiplier": {
            "type": "skilltree:none"
          },
          "enemy_multiplier": {
            "type": "skilltree:none"
          },
          "player_condition": {
            "type": "skilltree:none"
          },
          "damage_condition": {
            "type": "skilltree:none"
          },
          "target_condition": {
            "type": "skilltree:burning"
          },
          "type": "skilltree:damage"
        },
        "type": "skilltree:skill_bonus"
      }
    },
    {
      "type": "skilltree:crafted_item_bonus",
      "item_condition": {
        "tag_id": "curios:quiver",
        "type": "skilltree:tag"
      },
      "item_bonus": {
        "skill_bonus": {
          "chance": 0.1,
          "duration": 5,
          "event_listener": {
            "damage_condition": {
              "type": "skilltree:none"
            },
            "enemy_condition": {
              "type": "skilltree:none"
            },
            "player_condition": {
              "type": "skilltree:none"
            },
            "enemy_multiplier": {
              "type": "skilltree:none"
            },
            "player_multiplier": {
              "type": "skilltree:none"
            },
            "target": "enemy",
            "type": "skilltree:attack"
          },
          "type": "skilltree:ignite"
        },
        "type": "skilltree:skill_bonus"
      }
    }
  ],
  "directConnections": [],
  "longConnections": [],
  "oneWayConnections": [],
  "tags": [],
  "backgroundTexture": "skilltree:textures/icons/background/notable.png",
  "iconTexture": "skilltree:textures/icons/enchanter_subclass_special_1.png",
  "borderTexture": "skilltree:textures/tooltip/notable.png",
  "titleColor": "",
  "positionX": 422.38455,
  "positionY": 0.0072574615,
  "buttonSize": 20,
  "isStartingPoint": false
}