{
  "id": "skilltree:enchanter_defensive_crafting_3",
  "bonuses": [
    {
      "type": "skilltree:enchantment_amplification",
      "enchantment_condition": {
        "type": "skilltree:armor"
      },
      "chance": 0.1
    }
  ],
  "directConnections": [
    "skilltree:enchanter_defensive_crafting_4",
    "skilltree:enchanter_healing_1"
  ],
  "longConnections": [],
  "oneWayConnections": [],
  "tags": [],
  "backgroundTexture": "skilltree:textures/icons/background/lesser.png",
  "iconTexture": "skilltree:textures/icons/enchanter_defensive_crafting_1.png",
  "borderTexture": "skilltree:textures/tooltip/lesser.png",
  "titleColor": "",
  "positionX": 131.66136,
  "positionY": -136.02911,
  "buttonSize": 16,
  "isStartingPoint": false
}