{
  "id": "skilltree:hunter_subclass_2_life_notable_1",
  "bonuses": [
    {
      "type": "skilltree:crafted_item_bonus",
      "item_condition": {
        "tag_id": "curios:quiver",
        "type": "skilltree:tag"
      },
      "item_bonus": {
        "skill_bonus": {
          "attribute": "attributeslib:draw_speed",
          "id": "664f6b98-816d-4045-bea5-d1af8cb9f4a7",
          "name": "SkillBonus",
          "amount": 0.1,
          "operation": 1,
          "player_multiplier": {
            "type": "skilltree:none"
          },
          "player_condition": {
            "type": "skilltree:none"
          },
          "type": "skilltree:attribute"
        },
        "type": "skilltree:skill_bonus"
      }
    }
  ],
  "directConnections": [],
  "longConnections": [],
  "oneWayConnections": [],
  "tags": [],
  "backgroundTexture": "skilltree:textures/icons/background/notable.png",
  "iconTexture": "skilltree:textures/icons/hunter_subclass_2_life_notable_1.png",
  "borderTexture": "skilltree:textures/tooltip/notable.png",
  "titleColor": "",
  "positionX": 428.8894,
  "positionY": 128.72784,
  "buttonSize": 20,
  "isStartingPoint": false
}