{
  "id": "skilltree:hunter_offensive_crafting_7",
  "bonuses": [
    {
      "type": "skilltree:attribute",
      "attribute": "attributeslib:arrow_velocity",
      "id": "1709f9e3-7d1c-4521-abc3-40816f2be64d",
      "name": "Skill",
      "amount": 0.02,
      "operation": 1,
      "player_multiplier": {
        "type": "skilltree:none"
      },
      "player_condition": {
        "type": "skilltree:none"
      }
    }
  ],
  "directConnections": [
    "skilltree:hunter_offensive_crafting_keystone_1"
  ],
  "longConnections": [],
  "oneWayConnections": [],
  "tags": [],
  "backgroundTexture": "skilltree:textures/icons/background/lesser.png",
  "iconTexture": "skilltree:textures/icons/hunter_offensive_crafting_1.png",
  "borderTexture": "skilltree:textures/tooltip/lesser.png",
  "title": "Arrow Velocity",
  "titleColor": "",
  "positionX": 217.67914,
  "positionY": 233.06,
  "buttonSize": 16,
  "isStartingPoint": false
}