{
  "id": "skilltree:hunter_subclass_2_crafting_2",
  "bonuses": [
    {
      "type": "skilltree:crafted_item_bonus",
      "item_condition": {
        "tag_id": "curios:quiver",
        "type": "skilltree:tag"
      },
      "item_bonus": {
        "chance": 10.0,
        "operation": 0,
        "type": "skilltree:quiver_capacity"
      }
    }
  ],
  "directConnections": [
    "skilltree:hunter_subclass_2_crafting_3",
    "skilltree:hunter_subclass_2_crafting_5"
  ],
  "longConnections": [],
  "oneWayConnections": [],
  "tags": [],
  "backgroundTexture": "skilltree:textures/icons/background/lesser.png",
  "iconTexture": "skilltree:textures/icons/hunter_subclass_2_crafting_1.png",
  "borderTexture": "skilltree:textures/tooltip/lesser.png",
  "titleColor": "",
  "positionX": 399.8586,
  "positionY": 45.011627,
  "buttonSize": 16,
  "isStartingPoint": false
}