{
  "id": "skilltree:hunter_subclass_special",
  "bonuses": [
    {
      "type": "skilltree:crafted_item_bonus",
      "item_condition": {
        "equipment_type": "weapon",
        "type": "skilltree:equipment_type"
      },
      "item_bonus": {
        "skill_bonus": {
          "chance": 1.0,
          "amount": 0.5,
          "event_listener": {
            "damage_condition": {
              "type": "skilltree:none"
            },
            "enemy_condition": {
              "type": "skilltree:none"
            },
            "player_condition": {
              "type": "skilltree:none"
            },
            "enemy_multiplier": {
              "type": "skilltree:none"
            },
            "player_multiplier": {
              "type": "skilltree:none"
            },
            "target": "player",
            "type": "skilltree:attack"
          },
          "type": "skilltree:healing"
        },
        "type": "skilltree:skill_bonus"
      }
    }
  ],
  "directConnections": [],
  "longConnections": [],
  "oneWayConnections": [],
  "tags": [],
  "backgroundTexture": "skilltree:textures/icons/background/notable.png",
  "iconTexture": "skilltree:textures/icons/hunter_subclass_special_1.png",
  "borderTexture": "skilltree:textures/tooltip/notable.png",
  "titleColor": "",
  "positionX": 211.1812,
  "positionY": 365.8061,
  "buttonSize": 20,
  "isStartingPoint": false
}