{
  "id": "skilltree:hunter_defensive_crafting_6",
  "bonuses": [
    {
      "type": "skilltree:attribute",
      "attribute": "combatroll:recharge",
      "id": "11895744-1492-440e-a442-c8c80c120ab5",
      "name": "Skill",
      "amount": 0.05,
      "operation": 1,
      "player_multiplier": {
        "type": "skilltree:none"
      },
      "player_condition": {
        "type": "skilltree:none"
      }
    }
  ],
  "directConnections": [
    "skilltree:hunter_defensive_crafting_7"
  ],
  "longConnections": [],
  "oneWayConnections": [],
  "tags": [],
  "backgroundTexture": "skilltree:textures/icons/background/lesser.png",
  "iconTexture": "skilltree:textures/icons/miner_subclass_1_crafting_1.png",
  "borderTexture": "skilltree:textures/tooltip/lesser.png",
  "title": "Recovery",
  "titleColor": "",
  "positionX": 288.14682,
  "positionY": 59.009857,
  "buttonSize": 16,
  "isStartingPoint": false
}