{
  "id": "skilltree:hunter_defensive_crafting_4",
  "bonuses": [
    {
      "type": "skilltree:attribute",
      "attribute": "combatroll:recharge",
      "id": "77470f55-1d93-4440-b9bb-5b354caca54f",
      "name": "Skill",
      "amount": 0.05,
      "operation": 1,
      "player_multiplier": {
        "type": "skilltree:none"
      },
      "player_condition": {
        "type": "skilltree:none"
      }
    }
  ],
  "directConnections": [
    "skilltree:hunter_defensive_notable_1"
  ],
  "longConnections": [],
  "oneWayConnections": [],
  "tags": [],
  "backgroundTexture": "skilltree:textures/icons/background/lesser.png",
  "iconTexture": "skilltree:textures/icons/miner_subclass_1_crafting_1.png",
  "borderTexture": "skilltree:textures/tooltip/lesser.png",
  "title": "Recovery",
  "titleColor": "",
  "positionX": 209.631,
  "positionY": 46.008415,
  "buttonSize": 16,
  "isStartingPoint": false
}