{
  "id": "skilltree:hunter_speed_1",
  "bonuses": [
    {
      "type": "skilltree:attribute",
      "attribute": "attributeslib:draw_speed",
      "id": "fa669f94-a0e9-43b1-9e17-a730f6b402ad",
      "name": "SkillBonus",
      "amount": 0.02,
      "operation": 1,
      "player_multiplier": {
        "type": "skilltree:none"
      },
      "player_condition": {
        "type": "skilltree:none"
      }
    }
  ],
  "directConnections": [
    "skilltree:hunter_speed_notable_1"
  ],
  "longConnections": [],
  "oneWayConnections": [],
  "tags": [],
  "backgroundTexture": "skilltree:textures/icons/background/lesser.png",
  "iconTexture": "skilltree:textures/icons/hunter_speed_1.png",
  "borderTexture": "skilltree:textures/tooltip/lesser.png",
  "title": "Draw Speed",
  "titleColor": "",
  "positionX": 249.14754,
  "positionY": 111.52569,
  "buttonSize": 16,
  "isStartingPoint": false
}