{
  "id": "skilltree:hunter_subclass_2_life_4",
  "bonuses": [
    {
      "type": "skilltree:attribute",
      "attribute": "attributeslib:draw_speed",
      "id": "e8a460c8-6d5e-44e8-969b-bc9856683f8d",
      "name": "SkillBonus",
      "amount": 0.03,
      "operation": 1,
      "player_multiplier": {
        "type": "skilltree:none"
      },
      "player_condition": {
        "item_condition": {
          "equipment_type": "ranged_weapon",
          "type": "skilltree:equipment_type"
        },
        "type": "skilltree:has_item_in_hand"
      }
    }
  ],
  "directConnections": [
    "skilltree:hunter_subclass_2_life_notable_1"
  ],
  "longConnections": [],
  "oneWayConnections": [],
  "tags": [],
  "backgroundTexture": "skilltree:textures/icons/background/lesser.png",
  "iconTexture": "skilltree:textures/icons/hunter_subclass_2_life_1.png",
  "borderTexture": "skilltree:textures/tooltip/lesser.png",
  "title": "Draw Speed",
  "titleColor": "",
  "positionX": 428.8894,
  "positionY": 98.72784,
  "buttonSize": 16,
  "isStartingPoint": false
}