{
  "id": "skilltree:hunter_speed_2",
  "bonuses": [
    {
      "type": "skilltree:attribute",
      "attribute": "attributeslib:draw_speed",
      "id": "688f628f-572a-41cd-8af2-87868b88dcc5",
      "name": "SkillBonus",
      "amount": 0.02,
      "operation": 1,
      "player_multiplier": {
        "type": "skilltree:none"
      },
      "player_condition": {
        "type": "skilltree:none"
      }
    }
  ],
  "directConnections": [
    "skilltree:hunter_speed_notable_1"
  ],
  "longConnections": [],
  "oneWayConnections": [],
  "tags": [],
  "backgroundTexture": "skilltree:textures/icons/background/lesser.png",
  "iconTexture": "skilltree:textures/icons/hunter_speed_1.png",
  "borderTexture": "skilltree:textures/tooltip/lesser.png",
  "title": "Draw Speed",
  "titleColor": "",
  "positionX": 221.14528,
  "positionY": 160.02649,
  "buttonSize": 16,
  "isStartingPoint": false
}