{
  "id": "skilltree:hunter_subclass_2_life_2",
  "bonuses": [
    {
      "type": "skilltree:attribute",
      "attribute": "attributeslib:draw_speed",
      "id": "f6f068a5-e8be-455d-8d73-e886bdc441ce",
      "name": "SkillBonus",
      "amount": 0.03,
      "operation": 1,
      "player_multiplier": {
        "type": "skilltree:none"
      },
      "player_condition": {
        "item_condition": {
          "equipment_type": "ranged_weapon",
          "type": "skilltree:equipment_type"
        },
        "type": "skilltree:has_item_in_hand"
      }
    }
  ],
  "directConnections": [
    "skilltree:hunter_subclass_2_life_3"
  ],
  "longConnections": [],
  "oneWayConnections": [],
  "tags": [],
  "backgroundTexture": "skilltree:textures/icons/background/lesser.png",
  "iconTexture": "skilltree:textures/icons/hunter_subclass_2_life_1.png",
  "borderTexture": "skilltree:textures/tooltip/lesser.png",
  "title": "Draw Speed",
  "titleColor": "",
  "positionX": 383.85773,
  "positionY": 72.72495,
  "buttonSize": 16,
  "isStartingPoint": false
}