{
  "id": "skilltree:hunter_speed_notable_1",
  "bonuses": [
    {
      "type": "skilltree:attribute",
      "attribute": "attributeslib:draw_speed",
      "id": "48c5cbfd-38f8-44af-86db-a6e837925ade",
      "name": "SkillBonus",
      "amount": 0.1,
      "operation": 1,
      "player_multiplier": {
        "type": "skilltree:none"
      },
      "player_condition": {
        "type": "skilltree:none"
      }
    }
  ],
  "directConnections": [],
  "longConnections": [],
  "oneWayConnections": [],
  "tags": [],
  "backgroundTexture": "skilltree:textures/icons/background/notable.png",
  "iconTexture": "skilltree:textures/icons/hunter_speed_notable_1.png",
  "borderTexture": "skilltree:textures/tooltip/notable.png",
  "titleColor": "",
  "positionX": 235.14684,
  "positionY": 135.77867,
  "buttonSize": 20,
  "isStartingPoint": false
}