{
  "id": "skilltree:hunter_subclass_2_crafting_notable_1",
  "bonuses": [
    {
      "type": "skilltree:crafted_item_bonus",
      "item_condition": {
        "tag_id": "curios:quiver",
        "type": "skilltree:tag"
      },
      "item_bonus": {
        "skill_bonus": {
          "attribute": "attributeslib:arrow_velocity",
          "id": "eda735f6-df10-4083-bd53-b8456c3bb3db",
          "name": "SkillBonus",
          "amount": 0.15,
          "operation": 1,
          "player_multiplier": {
            "type": "skilltree:none"
          },
          "player_condition": {
            "type": "skilltree:none"
          },
          "type": "skilltree:attribute"
        },
        "type": "skilltree:skill_bonus"
      }
    }
  ],
  "directConnections": [],
  "longConnections": [],
  "oneWayConnections": [],
  "tags": [],
  "backgroundTexture": "skilltree:textures/icons/background/notable.png",
  "iconTexture": "skilltree:textures/icons/hunter_subclass_2_crafting_notable_1.png",
  "borderTexture": "skilltree:textures/tooltip/notable.png",
  "titleColor": "",
  "positionX": 470.87152,
  "positionY": 56.015343,
  "buttonSize": 20,
  "isStartingPoint": false
}