{
  "id": "skilltree:hunter_subclass_1",
  "bonuses": [
    {
      "type": "skilltree:attribute",
      "attribute": "skilltree:stealth",
      "id": "cb1c8cce-cbc7-4951-9acd-36a522a3cd63",
      "name": "SkillBonus",
      "amount": 10.0,
      "operation": 0,
      "player_multiplier": {
        "type": "skilltree:none"
      },
      "player_condition": {
        "type": "skilltree:none"
      }
    },
    {
      "type": "skilltree:jump_height",
      "player_condition": {
        "type": "skilltree:none"
      },
      "multiplier": 0.1
    }
  ],
  "directConnections": [
    "skilltree:hunter_subclass_1_offensive_1",
    "skilltree:hunter_subclass_1_crafting_1"
  ],
  "longConnections": [],
  "oneWayConnections": [],
  "tags": [],
  "backgroundTexture": "skilltree:textures/icons/background/class.png",
  "iconTexture": "skilltree:textures/icons/hunter_subclass_1.png",
  "borderTexture": "skilltree:textures/tooltip/lesser.png",
  "titleColor": "",
  "positionX": 200.37805,
  "positionY": 283.09222,
  "buttonSize": 24,
  "isStartingPoint": false
}