{
  "id": "skilltree:hunter_offensive_crafting_keystone_1",
  "bonuses": [
    {
      "type": "skilltree:attribute",
      "attribute": "attributeslib:arrow_velocity",
      "id": "2c74469c-bc84-40f8-9a20-f5981627d6f7",
      "name": "Skill",
      "amount": 0.2,
      "operation": 1,
      "player_multiplier": {
        "type": "skilltree:none"
      },
      "player_condition": {
        "type": "skilltree:none"
      }
    }
  ],
  "directConnections": [],
  "longConnections": [],
  "oneWayConnections": [],
  "tags": [],
  "backgroundTexture": "skilltree:textures/icons/background/keystone.png",
  "iconTexture": "skilltree:textures/icons/hunter_offensive_crafting_keystone_1.png",
  "borderTexture": "skilltree:textures/tooltip/keystone.png",
  "title": "Strong Armed",
  "titleColor": "",
  "positionX": 247.123,
  "positionY": 250.062,
  "buttonSize": 32,
  "isStartingPoint": false
}