{
  "id": "skilltree:hunter_defensive_6",
  "bonuses": [
    {
      "type": "skilltree:attribute",
      "attribute": "skilltree:evasion",
      "id": "39d4b1b5-8b81-48e0-b7bf-696a83589ee1",
      "name": "SkillBonus",
      "amount": 1.0,
      "operation": 0,
      "player_multiplier": {
        "type": "skilltree:none"
      },
      "player_condition": {
        "type": "skilltree:none"
      }
    }
  ],
  "directConnections": [
    "skilltree:hunter_defensive_7",
    "skilltree:hunter_crit_1"
  ],
  "longConnections": [],
  "oneWayConnections": [],
  "tags": [],
  "backgroundTexture": "skilltree:textures/icons/background/lesser.png",
  "iconTexture": "skilltree:textures/icons/hunter_defensive_1.png",
  "borderTexture": "skilltree:textures/tooltip/lesser.png",
  "titleColor": "",
  "positionX": 284.66266,
  "positionY": 102.0113,
  "buttonSize": 16,
  "isStartingPoint": false
}