{
  "id": "skilltree:hunter_defensive_crafting_keystone_1",
  "bonuses": [
    {
      "type": "skilltree:attribute",
      "attribute": "combatroll:distance",
      "id": "da9cfbde-a694-4916-9118-892d90c3e12c",
      "name": "Skill",
      "amount": 0.25,
      "operation": 1,
      "player_multiplier": {
        "type": "skilltree:none"
      },
      "player_condition": {
        "type": "skilltree:none"
      }
    }
  ],
  "directConnections": [],
  "longConnections": [],
  "oneWayConnections": [],
  "tags": [],
  "backgroundTexture": "skilltree:textures/icons/background/keystone.png",
  "iconTexture": "skilltree:textures/icons/miner_subclass_1_offensive_notable_1.png",
  "borderTexture": "skilltree:textures/tooltip/keystone.png",
  "title": "Elven Greaves",
  "titleColor": "",
  "positionX": 340.106,
  "positionY": 89.013,
  "buttonSize": 32,
  "isStartingPoint": false
}