{
  "id": "skilltree:hunter_offensive_crafting_3",
  "bonuses": [
    {
      "type": "skilltree:attribute",
      "attribute": "attributeslib:arrow_velocity",
      "id": "2649c63f-b45c-4e5d-b06d-afcf88e14281",
      "name": "Skill",
      "amount": 0.02,
      "operation": 1,
      "player_multiplier": {
        "type": "skilltree:none"
      },
      "player_condition": {
        "type": "skilltree:none"
      }
    }
  ],
  "directConnections": [
    "skilltree:hunter_offensive_crafting_4"
  ],
  "longConnections": [],
  "oneWayConnections": [],
  "tags": [],
  "backgroundTexture": "skilltree:textures/icons/background/lesser.png",
  "iconTexture": "skilltree:textures/icons/hunter_offensive_crafting_1.png",
  "borderTexture": "skilltree:textures/tooltip/lesser.png",
  "title": "Arrow Velocity",
  "titleColor": "",
  "positionX": 131.64975,
  "positionY": 136.04173,
  "buttonSize": 16,
  "isStartingPoint": false
}