{
  "id": "skilltree:hunter_subclass_2",
  "bonuses": [
    {
      "type": "skilltree:crafted_item_bonus",
      "item_condition": {
        "tag_id": "curios:quiver",
        "type": "skilltree:tag"
      },
      "item_bonus": {
        "skill_bonus": {
          "chance": 0.05,
          "type": "skilltree:arrow_retrieval"
        },
        "type": "skilltree:skill_bonus"
      }
    }
  ],
  "directConnections": [
    "skilltree:hunter_subclass_2_crafting_1",
    "skilltree:hunter_subclass_2_life_1"
  ],
  "longConnections": [],
  "oneWayConnections": [],
  "tags": [],
  "backgroundTexture": "skilltree:textures/icons/background/class.png",
  "iconTexture": "skilltree:textures/icons/hunter_subclass_2.png",
  "borderTexture": "skilltree:textures/tooltip/lesser.png",
  "titleColor": "",
  "positionX": 345.34277,
  "positionY": 32.010185,
  "buttonSize": 24,
  "isStartingPoint": false
}