{
  "id": "skilltree:hunter_gateway",
  "bonuses": [],
  "directConnections": [
    "skilltree:enchanter_subclass_1_defensive_1"
  ],
  "longConnections": [
    "skilltree:blacksmith_gateway"
  ],
  "oneWayConnections": [],
  "tags": [],
  "backgroundTexture": "skilltree:textures/icons/background/gateway.png",
  "iconTexture": "skilltree:textures/icons/void.png",
  "borderTexture": "skilltree:textures/tooltip/gateway.png",
  "titleColor": "",
  "positionX": 212.7852,
  "positionY": 0.5066986,
  "buttonSize": 30,
  "isStartingPoint": false
}