{
  "id": "skilltree:hunter_offensive_crafting_5",
  "bonuses": [
    {
      "type": "skilltree:attribute",
      "attribute": "attributeslib:arrow_velocity",
      "id": "bb30d525-5cd5-49b4-b36b-9bc33650df7e",
      "name": "Skill",
      "amount": 0.02,
      "operation": 1,
      "player_multiplier": {
        "type": "skilltree:none"
      },
      "player_condition": {
        "type": "skilltree:none"
      }
    }
  ],
  "directConnections": [
    "skilltree:hunter_offensive_crafting_6"
  ],
  "longConnections": [],
  "oneWayConnections": [],
  "tags": [],
  "backgroundTexture": "skilltree:textures/icons/background/lesser.png",
  "iconTexture": "skilltree:textures/icons/hunter_offensive_crafting_1.png",
  "borderTexture": "skilltree:textures/tooltip/lesser.png",
  "title": "Arrow Velocity",
  "titleColor": "",
  "positionX": 172.64749,
  "positionY": 207.05713,
  "buttonSize": 16,
  "isStartingPoint": false
}