{
  "id": "skilltree:hunter_offensive_keystone_1",
  "bonuses": [
    {
      "type": "skilltree:damage",
      "amount": 0.05,
      "operation": 1,
      "player_multiplier": {
        "type": "skilltree:distance_to_target"
      },
      "enemy_multiplier": {
        "type": "skilltree:none"
      },
      "player_condition": {
        "type": "skilltree:none"
      },
      "damage_condition": {
        "type": "skilltree:none"
      },
      "target_condition": {
        "type": "skilltree:none"
      }
    }
  ],
  "directConnections": [],
  "longConnections": [],
  "oneWayConnections": [],
  "tags": [],
  "backgroundTexture": "skilltree:textures/icons/background/keystone.png",
  "iconTexture": "skilltree:textures/icons/hunter_offensive_keystone_1.png",
  "borderTexture": "skilltree:textures/tooltip/keystone.png",
  "titleColor": "",
  "positionX": 305.1351,
  "positionY": 238.5485,
  "buttonSize": 32,
  "isStartingPoint": false
}