{
  "id": "skilltree:hunter_offensive_notable_1",
  "bonuses": [
    {
      "type": "skilltree:attribute",
      "attribute": "attributeslib:armor_pierce",
      "id": "0dfcd303-9f8d-4d15-94fc-575b6ab39c3f",
      "name": "Skill",
      "amount": 0.3,
      "operation": 1,
      "player_multiplier": {
        "type": "skilltree:none"
      },
      "player_condition": {
        "item_condition": {
          "equipment_type": "ranged_weapon",
          "type": "skilltree:equipment_type"
        },
        "type": "skilltree:has_item_in_hand"
      }
    }
  ],
  "directConnections": [
    "skilltree:hunter_offensive_4",
    "skilltree:hunter_offensive_crafting_5",
    "skilltree:hunter_subclass_1_defensive_1"
  ],
  "longConnections": [],
  "oneWayConnections": [],
  "tags": [],
  "backgroundTexture": "skilltree:textures/icons/background/notable.png",
  "iconTexture": "skilltree:textures/icons/hunter_offensive_notable_1.png",
  "borderTexture": "skilltree:textures/tooltip/notable.png",
  "title": "Sharpshooter",
  "titleColor": "",
  "positionX": 159.648,
  "positionY": 184.54,
  "buttonSize": 20,
  "isStartingPoint": false
}