{
  "id": "skilltree:hunter_offensive_crafting_6",
  "bonuses": [
    {
      "type": "skilltree:attribute",
      "attribute": "attributeslib:arrow_velocity",
      "id": "114adf8d-f2cd-41dd-99bd-e9da31373d20",
      "name": "Skill",
      "amount": 0.02,
      "operation": 1,
      "player_multiplier": {
        "type": "skilltree:none"
      },
      "player_condition": {
        "type": "skilltree:none"
      }
    }
  ],
  "directConnections": [
    "skilltree:hunter_offensive_crafting_7"
  ],
  "longConnections": [],
  "oneWayConnections": [],
  "tags": [],
  "backgroundTexture": "skilltree:textures/icons/background/lesser.png",
  "iconTexture": "skilltree:textures/icons/hunter_offensive_crafting_1.png",
  "borderTexture": "skilltree:textures/tooltip/lesser.png",
  "title": "Arrow Velocity",
  "titleColor": "",
  "positionX": 195.16331,
  "positionY": 220.05856,
  "buttonSize": 16,
  "isStartingPoint": false
}