{
  "id": "skilltree:hunter_life_notable_1",
  "bonuses": [
    {
      "type": "skilltree:attribute",
      "attribute": "minecraft:generic.max_health",
      "id": "b81f4f48-f81c-409b-a4bc-a13b560e0e3f",
      "name": "SkillBonus",
      "amount": 0.1,
      "operation": 0,
      "player_multiplier": {
        "attribute": "skilltree:evasion",
        "divisor": 1.0,
        "type": "skilltree:attribute_value"
      },
      "player_condition": {
        "type": "skilltree:none"
      }
    }
  ],
  "directConnections": [],
  "longConnections": [],
  "oneWayConnections": [],
  "tags": [],
  "backgroundTexture": "skilltree:textures/icons/background/notable.png",
  "iconTexture": "skilltree:textures/icons/hunter_life_notable_1.png",
  "borderTexture": "skilltree:textures/tooltip/notable.png",
  "titleColor": "",
  "positionX": 212.63101,
  "positionY": 122.77724,
  "buttonSize": 20,
  "isStartingPoint": false
}