{
  "id": "skilltree:hunter_defensive_1",
  "bonuses": [
    {
      "type": "skilltree:attribute",
      "attribute": "skilltree:evasion",
      "id": "a85c21e9-a4b5-4f45-b77e-f457d9929d72",
      "name": "SkillBonus",
      "amount": 1.0,
      "operation": 0,
      "player_multiplier": {
        "type": "skilltree:none"
      },
      "player_condition": {
        "type": "skilltree:none"
      }
    }
  ],
  "directConnections": [
    "skilltree:hunter_defensive_2"
  ],
  "longConnections": [],
  "oneWayConnections": [],
  "tags": [],
  "backgroundTexture": "skilltree:textures/icons/background/lesser.png",
  "iconTexture": "skilltree:textures/icons/hunter_defensive_1.png",
  "borderTexture": "skilltree:textures/tooltip/lesser.png",
  "titleColor": "",
  "positionX": 161.631,
  "positionY": 76.008415,
  "buttonSize": 16,
  "isStartingPoint": false
}