{
  "id": "skilltree:hunter_healing_notable_1",
  "bonuses": [
    {
      "type": "skilltree:healing",
      "chance": 1.0,
      "amount": 1.0,
      "event_listener": {
        "damage_condition": {
          "type": "skilltree:projectile"
        },
        "enemy_condition": {
          "type": "skilltree:none"
        },
        "player_condition": {
          "type": "skilltree:none"
        },
        "enemy_multiplier": {
          "type": "skilltree:none"
        },
        "player_multiplier": {
          "type": "skilltree:none"
        },
        "target": "player",
        "type": "skilltree:attack"
      }
    }
  ],
  "directConnections": [],
  "longConnections": [],
  "oneWayConnections": [],
  "tags": [],
  "backgroundTexture": "skilltree:textures/icons/background/notable.png",
  "iconTexture": "skilltree:textures/icons/hunter_healing_notable_1.png",
  "borderTexture": "skilltree:textures/tooltip/notable.png",
  "titleColor": "",
  "positionX": 109.247986,
  "positionY": -0.37812424,
  "buttonSize": 20,
  "isStartingPoint": false
}