{
  "id": "skilltree:hunter_subclass_2_mastery",
  "bonuses": [
    {
      "type": "skilltree:crafted_item_bonus",
      "item_condition": {
        "tag_id": "curios:quiver",
        "type": "skilltree:tag"
      },
      "item_bonus": {
        "chance": 25.0,
        "operation": 0,
        "type": "skilltree:quiver_capacity"
      }
    }
  ],
  "directConnections": [
    "skilltree:hunter_subclass_2_life_4"
  ],
  "longConnections": [],
  "oneWayConnections": [],
  "tags": [],
  "backgroundTexture": "skilltree:textures/icons/background/keystone.png",
  "iconTexture": "skilltree:textures/icons/hunter_subclass_2_mastery.png",
  "borderTexture": "skilltree:textures/tooltip/keystone.png",
  "titleColor": "",
  "positionX": 462.88928,
  "positionY": 102.192,
  "buttonSize": 32,
  "isStartingPoint": false
}