{
  "id": "skilltree:hunter_life_2",
  "bonuses": [
    {
      "type": "skilltree:attribute",
      "attribute": "minecraft:generic.max_health",
      "id": "8e7d975c-5f8d-46c4-a21f-f2d9d93e6867",
      "name": "SkillBonus",
      "amount": 0.05,
      "operation": 0,
      "player_multiplier": {
        "attribute": "skilltree:evasion",
        "divisor": 1.0,
        "type": "skilltree:attribute_value"
      },
      "player_condition": {
        "type": "skilltree:none"
      }
    }
  ],
  "directConnections": [
    "skilltree:hunter_life_notable_1"
  ],
  "longConnections": [],
  "oneWayConnections": [],
  "tags": [],
  "backgroundTexture": "skilltree:textures/icons/background/lesser.png",
  "iconTexture": "skilltree:textures/icons/hunter_life_1.png",
  "borderTexture": "skilltree:textures/tooltip/lesser.png",
  "titleColor": "",
  "positionX": 198.62946,
  "positionY": 147.02505,
  "buttonSize": 16,
  "isStartingPoint": false
}