{
  "id": "skilltree:hunter_offensive_crafting_1",
  "bonuses": [
    {
      "type": "skilltree:attribute",
      "attribute": "attributeslib:arrow_velocity",
      "id": "755503ee-e383-4361-b0ff-f9b6949eca29",
      "name": "Skill",
      "amount": 0.02,
      "operation": 1,
      "player_multiplier": {
        "type": "skilltree:none"
      },
      "player_condition": {
        "type": "skilltree:none"
      }
    }
  ],
  "directConnections": [
    "skilltree:hunter_offensive_crafting_2"
  ],
  "longConnections": [],
  "oneWayConnections": [],
  "tags": [],
  "backgroundTexture": "skilltree:textures/icons/background/lesser.png",
  "iconTexture": "skilltree:textures/icons/hunter_offensive_crafting_1.png",
  "borderTexture": "skilltree:textures/tooltip/lesser.png",
  "title": "Arrow Velocity",
  "titleColor": "",
  "positionX": 105.65119,
  "positionY": 91.00758,
  "buttonSize": 16,
  "isStartingPoint": false
}