{
  "id": "skilltree:hunter_defensive_crafting_7",
  "bonuses": [
    {
      "type": "skilltree:attribute",
      "attribute": "combatroll:recharge",
      "id": "99eb5f77-2af5-483f-ba42-4bef44aebf2b",
      "name": "Skill",
      "amount": 0.05,
      "operation": 1,
      "player_multiplier": {
        "type": "skilltree:none"
      },
      "player_condition": {
        "type": "skilltree:none"
      }
    }
  ],
  "directConnections": [
    "skilltree:hunter_defensive_crafting_keystone_1"
  ],
  "longConnections": [],
  "oneWayConnections": [],
  "tags": [],
  "backgroundTexture": "skilltree:textures/icons/background/lesser.png",
  "iconTexture": "skilltree:textures/icons/miner_subclass_1_crafting_1.png",
  "borderTexture": "skilltree:textures/tooltip/lesser.png",
  "title": "Recovery",
  "titleColor": "",
  "positionX": 310.663,
  "positionY": 72.011,
  "buttonSize": 16,
  "isStartingPoint": false
}