{
  "id": "skilltree:miner_crit_2",
  "bonuses": [
    {
      "type": "skilltree:attribute",
      "attribute": "irons_spellbooks:max_mana",
      "id": "eb101e46-1484-48ea-8349-3c211d4e9b54",
      "name": "Skill",
      "amount": 5.0,
      "operation": 0,
      "player_multiplier": {
        "attribute": "irons_spellbooks:ender_spell_power",
        "divisor": 1.0,
        "type": "skilltree:attribute_value"
      },
      "player_condition": {
        "type": "skilltree:none"
      }
    }
  ],
  "directConnections": [
    "skilltree:miner_crit_notable_1"
  ],
  "longConnections": [],
  "oneWayConnections": [],
  "tags": [],
  "backgroundTexture": "skilltree:textures/icons/background/lesser.png",
  "iconTexture": "skilltree:textures/icons/miner_crit_1.png",
  "borderTexture": "skilltree:textures/tooltip/lesser.png",
  "title": "Forbidden Source",
  "titleColor": "",
  "positionX": -271.673,
  "positionY": 124.511,
  "buttonSize": 16,
  "isStartingPoint": false
}