{
  "id": "skilltree:miner_crafting_2",
  "bonuses": [
    {
      "type": "skilltree:attribute",
      "attribute": "irons_spellbooks:spell_power",
      "id": "69f2191c-0328-4283-9830-aabb4b2084fb",
      "name": "Skill",
      "amount": 0.02,
      "operation": 1,
      "player_multiplier": {
        "type": "skilltree:none"
      },
      "player_condition": {
        "type": "skilltree:none"
      }
    }
  ],
  "directConnections": [
    "skilltree:miner_crafting_3"
  ],
  "longConnections": [],
  "oneWayConnections": [],
  "tags": [],
  "backgroundTexture": "skilltree:textures/icons/background/lesser.png",
  "iconTexture": "skilltree:textures/icons/miner_crafting_1.png",
  "borderTexture": "skilltree:textures/tooltip/lesser.png",
  "title": "Spell Power",
  "titleColor": "",
  "positionX": -81.40789,
  "positionY": 46.997395,
  "buttonSize": 16,
  "isStartingPoint": false
}