{
  "id": "skilltree:miner_crit_1",
  "bonuses": [
    {
      "type": "skilltree:attribute",
      "attribute": "irons_spellbooks:mana_regen",
      "id": "0999e421-9426-48dc-97e5-8c775f27b19d",
      "name": "Skill",
      "amount": 0.5,
      "operation": 0,
      "player_multiplier": {
        "attribute": "irons_spellbooks:ender_spell_power",
        "divisor": 1.0,
        "type": "skilltree:attribute_value"
      },
      "player_condition": {
        "type": "skilltree:none"
      }
    }
  ],
  "directConnections": [
    "skilltree:miner_crit_notable_1"
  ],
  "longConnections": [],
  "oneWayConnections": [],
  "tags": [],
  "backgroundTexture": "skilltree:textures/icons/background/lesser.png",
  "iconTexture": "skilltree:textures/icons/miner_crit_1.png",
  "borderTexture": "skilltree:textures/tooltip/lesser.png",
  "title": "Forbidden Flow",
  "titleColor": "",
  "positionX": -243.678,
  "positionY": 173.005,
  "buttonSize": 16,
  "isStartingPoint": false
}