{
  "id": "skilltree:miner_class",
  "bonuses": [
    {
      "type": "skilltree:attribute",
      "attribute": "ars_nouveau:ars_nouveau.perk.max_mana",
      "id": "ed8c9312-3412-4d26-ad26-f906226a83a2",
      "name": "Skill",
      "amount": 50.0,
      "operation": 0,
      "player_multiplier": {
        "type": "skilltree:none"
      },
      "player_condition": {
        "type": "skilltree:none"
      }
    }
  ],
  "directConnections": [
    "skilltree:miner_defensive_1",
    "skilltree:miner_offensive_1",
    "skilltree:miner_defensive_crafting_1",
    "skilltree:miner_offensive_crafting_1",
    "skilltree:miner_crafting_1"
  ],
  "longConnections": [],
  "oneWayConnections": [],
  "tags": [],
  "backgroundTexture": "skilltree:textures/icons/background/class.png",
  "iconTexture": "skilltree:textures/icons/hunter_defensive_crafting_keystone_1.png",
  "borderTexture": "skilltree:textures/tooltip/lesser.png",
  "title": "Mage",
  "titleColor": "",
  "positionX": -131.638,
  "positionY": 75.996,
  "buttonSize": 24,
  "isStartingPoint": true
}