{
  "id": "skilltree:miner_crit_notable_1",
  "bonuses": [
    {
      "type": "skilltree:attribute",
      "attribute": "irons_spellbooks:ender_spell_power",
      "id": "fa1a89b1-aa4e-4643-a700-f3b6934f6e4f",
      "name": "Skill",
      "amount": 0.25,
      "operation": 1,
      "player_multiplier": {
        "type": "skilltree:none"
      },
      "player_condition": {
        "type": "skilltree:none"
      }
    }
  ],
  "directConnections": [],
  "longConnections": [],
  "oneWayConnections": [],
  "tags": [],
  "backgroundTexture": "skilltree:textures/icons/background/notable.png",
  "iconTexture": "skilltree:textures/icons/miner_crit_notable_1.png",
  "borderTexture": "skilltree:textures/tooltip/notable.png",
  "title": "Void Stone",
  "titleColor": "",
  "positionX": -257.674,
  "positionY": 148.761,
  "buttonSize": 20,
  "isStartingPoint": false
}