{
  "id": "skilltree:miner_crafting_notable_1",
  "bonuses": [
    {
      "type": "skilltree:attribute",
      "attribute": "irons_spellbooks:spell_power",
      "id": "5cf0c741-1729-41f6-abe6-35134f71679d",
      "name": "Skill",
      "amount": 0.1,
      "operation": 1,
      "player_multiplier": {
        "type": "skilltree:none"
      },
      "player_condition": {
        "type": "skilltree:none"
      }
    }
  ],
  "directConnections": [],
  "longConnections": [],
  "oneWayConnections": [],
  "tags": [],
  "backgroundTexture": "skilltree:textures/icons/background/notable.png",
  "iconTexture": "skilltree:textures/icons/miner_crafting_notable_1.png",
  "borderTexture": "skilltree:textures/tooltip/notable.png",
  "title": "Acumen",
  "titleColor": "",
  "positionX": -32.044,
  "positionY": 18.499,
  "buttonSize": 20,
  "isStartingPoint": false
}