{
  "id": "skilltree:miner_crafting_1",
  "bonuses": [
    {
      "type": "skilltree:attribute",
      "attribute": "irons_spellbooks:spell_power",
      "id": "d571cf45-bb7e-4a61-b9cc-6f890dd68bab",
      "name": "Skill",
      "amount": 0.02,
      "operation": 1,
      "player_multiplier": {
        "type": "skilltree:none"
      },
      "player_condition": {
        "type": "skilltree:none"
      }
    }
  ],
  "directConnections": [
    "skilltree:miner_crafting_2"
  ],
  "longConnections": [],
  "oneWayConnections": [],
  "tags": [],
  "backgroundTexture": "skilltree:textures/icons/background/lesser.png",
  "iconTexture": "skilltree:textures/icons/miner_crafting_1.png",
  "borderTexture": "skilltree:textures/tooltip/lesser.png",
  "title": "Spell Power",
  "titleColor": "",
  "positionX": -104.79101,
  "positionY": 60.496647,
  "buttonSize": 16,
  "isStartingPoint": false
}