{
    "replace": false,
    "values": [
        {"id":"minecraft:amethyst_shard","required":false},
        {"id":"minecraft:prismarine_shard","required":false},
        {"id":"minecraft:echo_shard","required":false},
        {"id":"betterend:crystal_shards","required":false},
        {"id":"betterend:smaragdant_crystal_shard","required":false},
        {"id":"biomemakeover:illunite_shard","required":false},
        {"id":"byg:ametrine_gems","required":false},
        {"id":"byg:subzero_crystal_shard","required":false},
        {"id":"byg:therium_crystal_shard","required":false},
        {"id":"galosphere:allurite_shard","required":false},
        {"id":"galosphere:lumiere_shard","required":false},
        {"id":"geodes:emerald_shard","required":false},
        {"id":"geodes:gypsum_shard","required":false},
        {"id":"mutantmonsters:creeper_shard","required":false},
        {"id":"paradise_lost:cherine","required":false},
        {"id":"relicex:relic_shard","required":false}
    ]
}