{
	"replace": false,
	"values":[
		"#minecraft:flowers",
		"#minecraft:leaves",
		"#minecraft:saplings",
		"minecraft:fern",
		"minecraft:grass",
		"minecraft:hay_block",
		"minecraft:large_fern",
		"minecraft:tall_grass",
		"minecraft:wheat",
		{"id":"betternether:nether_grass","required":false},
		{"id":"betternether:swamp_grass","required":false},
		{"id":"betternether:soul_grass","required":false},
		{"id":"betternether:jungle_plant","required":false},
		{"id":"betternether:bone_grass","required":false},
		{"id":"betternether:sepia_bone_grass","required":false},
		{"id":"betternether:neon_equisetum","required":false},
		{"id":"betterend:chorus_grass","required":false},
		{"id":"betterend:cave_grass","required":false},
		{"id":"betterend:crystal_grass","required":false},
		{"id":"betterend:bushy_grass","required":false},
		{"id":"betterend:amber_grass","required":false},
		{"id":"betterend:jungle_grass","required":false},
		{"id":"betterend:needle_grass","required":false},
		{"id":"bwplus:embergrass","required":false},
		{"id":"byg:wailing_grass","required":false},
		{"id":"byg:scorched_grass","required":false},
		{"id":"byg:tall_ether_grass","required":false},
		{"id":"byg:ether_grass","required":false},
		{"id":"byg:tall_prairie_grass","required":false},
		{"id":"byg:prairie_grass","required":false},
		{"id":"byg:beach_grass","required":false},
		{"id":"croptopia:artichoke","required":false},
		{"id":"croptopia:asparagus","required":false},
		{"id":"croptopia:barley","required":false},
		{"id":"croptopia:basil","required":false},
		{"id":"croptopia:broccoli","required":false},
		{"id":"croptopia:cabbage","required":false},
		{"id":"croptopia:cauliflower","required":false},
		{"id":"croptopia:celery","required":false},
		{"id":"croptopia:cucumber","required":false},
		{"id":"croptopia:eggplant","required":false},
		{"id":"croptopia:green_bean","required":false},
		{"id":"croptopia:kale","required":false},
		{"id":"croptopia:leek","required":false},
		{"id":"croptopia:lettuce","required":false},
		{"id":"croptopia:mustard","required":false},
		{"id":"croptopia:oats","required":false},
		{"id":"croptopia:olive","required":false},
		{"id":"croptopia:radish","required":false},
		{"id":"croptopia:rhubarb","required":false},
		{"id":"croptopia:rutabaga","required":false},
		{"id":"croptopia:saguaro","required":false},
		{"id":"croptopia:spinach","required":false},
		{"id":"croptopia:turnip","required":false},
		{"id":"croptopia:zucchini","required":false},
		{"id":"croptopia:sea_lettuce","required":false},
		{"id":"croptopia:beetroot_salad","required":false},
		{"id":"croptopia:caesar_salad","required":false},
		{"id":"croptopia:leafy_salad","required":false},
		{"id":"croptopia:veggie_salad","required":false},
		{"id":"deeperdarker:gloomy_grass","required":false},
		{"id":"edenring:mycotic_grass","required":false},
		{"id":"edenring:golden_grass","required":false},
		{"id":"edenring:copper_grass","required":false},
		{"id":"edenring:iron_grass","required":false},
		{"id":"edenring:gold_grass","required":false},
		{"id":"edenring:tall_copper_grass","required":false},
		{"id":"edenring:tall_iron_grass","required":false},
		{"id":"edenring:tall_gold_grass","required":false},
		{"id":"edenring:tall_mycotic_grass","required":false},
		{"id":"immersive_weathering:frosty_grass","required":false},
		{"id":"meadow:alpine_grass","required":false},
		{"id":"meadow:alpine_grass_tall","required":false},
		{"id":"netherdepthsupgrade:warped_seagrass","required":false},
		{"id":"paradise_lost:grass_plant","required":false},
		{"id":"paradise_lost:grass_flowering","required":false},
		{"id":"paradise_lost:short_grass","required":false},
		{"id":"paradise_lost:flute_grass","required":false},
		{"id":"paradise_lost:tall_grass","required":false},
		{"id":"soulsweapons:withered_grass","required":false},
		{"id":"soulsweapons:withered_tall_grass","required":false},
		{"id":"terrestria:dead_grass","required":false},
		{"id":"winterly:frozen_grass","required":false}
	]
}