{
  "pools": [
    {
      "rolls": {
        "type": "minecraft:uniform",
        "min": 8,
        "max": 10
      },
      "bonus_rolls": {
        "type": "minecraft:constant",
        "value": 2
      },
      "entries": [
        {
          "type": "minecraft:item",
          "weight": 80,
          "name": "minecraft:redstone",
          "functions": [
            {
              "function": "minecraft:set_count",
              "count": 8
            }
          ]
        },
        {
          "type": "minecraft:item",
          "weight": 80,
          "name": "minecraft:string",
          "functions": [
            {
              "function": "minecraft:set_count",
              "count": 4
            }
          ]
        },
        {
          "type": "minecraft:item",
          "weight": 80,
          "name": "minecraft:stick",
          "functions": [
            {
              "function": "minecraft:set_count",
              "count": 12
            }
          ]
        },
        {
          "type": "minecraft:item",
          "weight": 80,
          "name": "minecraft:copper_ingot",
          "functions": [
            {
              "function": "minecraft:set_count",
              "count": 4
            }
          ]
        },
        {
          "type": "minecraft:item",
          "weight": 80,
          "name": "minecraft:wheat",
          "functions": [
            {
              "function": "minecraft:set_count",
              "count": 6
            }
          ]
        },
        {
          "type": "minecraft:item",
          "weight": 80,
          "name": "minecraft:flint",
          "functions": [
            {
              "function": "minecraft:set_count",
              "count": 4
            }
          ]
        },
        {
          "type": "minecraft:item",
          "weight": 80,
          "name": "minecraft:bone",
          "functions": [
            {
              "function": "minecraft:set_count",
              "count": 3
            }
          ]
        },
        {
          "type": "minecraft:item",
          "weight": 80,
          "name": "minecraft:glass_bottle"
        },
        {
          "type": "minecraft:item",
          "weight": 80,
          "name": "minecraft:paper",
          "functions": [
            {
              "function": "minecraft:set_count",
              "count": 8
            }
          ]
        },
        {
          "type": "minecraft:item",
          "weight": 80,
          "name": "minecraft:gunpowder",
          "functions": [
            {
              "function": "minecraft:set_count",
              "count": 4
            }
          ]
        },
        {
          "type": "minecraft:item",
          "weight": 80,
          "name": "minecraft:apple",
          "functions": [
            {
              "function": "minecraft:set_count",
              "count": 6
            }
          ]
        },
        {
          "type": "minecraft:item",
          "weight": 80,
          "name": "minecraft:mushroom_stew"
        },
        {
          "type": "minecraft:item",
          "weight": 80,
          "name": "minecraft:shears"
        },
        {
          "type": "minecraft:item",
          "weight": 80,
          "name": "soaringstructures2:bunch_heavenly_petals",
          "functions": [
            {
              "function": "minecraft:set_count",
              "count": 16
            }
          ]
        },
        {
          "type": "minecraft:item",
          "weight": 70,
          "name": "minecraft:quartz",
          "functions": [
            {
              "function": "minecraft:set_count",
              "count": 4
            }
          ]
        },
        {
          "type": "minecraft:item",
          "weight": 70,
          "name": "minecraft:feather",
          "functions": [
            {
              "function": "minecraft:set_count",
              "count": 3
            }
          ]
        },
        {
          "type": "minecraft:item",
          "weight": 70,
          "name": "minecraft:cooked_chicken",
          "functions": [
            {
              "function": "minecraft:set_count",
              "count": 5
            }
          ]
        },
        {
          "type": "minecraft:item",
          "weight": 70,
          "name": "minecraft:glowstone_dust",
          "functions": [
            {
              "function": "minecraft:set_count",
              "count": 4
            }
          ]
        },
        {
          "type": "minecraft:item",
          "weight": 70,
          "name": "minecraft:beetroot",
          "functions": [
            {
              "function": "minecraft:set_count",
              "count": 5
            }
          ]
        },
        {
          "type": "minecraft:item",
          "weight": 70,
          "name": "minecraft:cookie",
          "functions": [
            {
              "function": "minecraft:set_count",
              "count": 6
            }
          ]
        },
        {
          "type": "minecraft:item",
          "weight": 70,
          "name": "minecraft:bread"
        },
        {
          "type": "minecraft:item",
          "weight": 60,
          "name": "minecraft:potato",
          "functions": [
            {
              "function": "minecraft:set_count",
              "count": 4
            }
          ]
        },
        {
          "type": "minecraft:item",
          "weight": 60,
          "name": "minecraft:carrot",
          "functions": [
            {
              "function": "minecraft:set_count",
              "count": 4
            }
          ]
        },
        {
          "type": "minecraft:item",
          "weight": 60,
          "name": "minecraft:melon_slice",
          "functions": [
            {
              "function": "minecraft:set_count",
              "count": 6
            }
          ]
        },
        {
          "type": "minecraft:item",
          "weight": 60,
          "name": "minecraft:bowl",
          "functions": [
            {
              "function": "minecraft:set_count",
              "count": 1
            }
          ]
        },
        {
          "type": "minecraft:item",
          "weight": 60,
          "name": "minecraft:ender_eye",
          "functions": [
            {
              "function": "minecraft:set_count",
              "count": 2
            }
          ]
        },
        {
          "type": "minecraft:item",
          "weight": 60,
          "name": "minecraft:book",
          "functions": [
            {
              "function": "minecraft:set_count",
              "count": 4
            }
          ]
        },
        {
          "type": "minecraft:item",
          "weight": 60,
          "name": "minecraft:nether_wart",
          "functions": [
            {
              "function": "minecraft:set_count",
              "count": 6
            }
          ]
        },
        {
          "type": "minecraft:item",
          "weight": 60,
          "name": "minecraft:slime_ball",
          "functions": [
            {
              "function": "minecraft:set_count",
              "count": 3
            }
          ]
        },
        {
          "type": "minecraft:item",
          "weight": 60,
          "name": "minecraft:torch",
          "functions": [
            {
              "function": "minecraft:set_count",
              "count": 12
            }
          ]
        },
        {
          "type": "minecraft:item",
          "weight": 60,
          "name": "minecraft:cooked_porkchop",
          "functions": [
            {
              "function": "minecraft:set_count",
              "count": 4
            }
          ]
        },
        {
          "type": "minecraft:item",
          "weight": 60,
          "name": "minecraft:cooked_beef",
          "functions": [
            {
              "function": "minecraft:set_count",
              "count": 4
            }
          ]
        },
        {
          "type": "minecraft:item",
          "weight": 60,
          "name": "soaringstructures2:ancient_rose",
          "functions": [
            {
              "function": "minecraft:set_count",
              "count": 1
            }
          ]
        },
        {
          "type": "minecraft:item",
          "weight": 60,
          "name": "soaringstructures2:heavenly_cookies",
          "functions": [
            {
              "function": "minecraft:set_count",
              "count": 6
            }
          ]
        },
        {
          "type": "minecraft:item",
          "weight": 50,
          "name": "minecraft:golden_sword"
        },
        {
          "type": "minecraft:item",
          "weight": 50,
          "name": "minecraft:iron_axe"
        },
        {
          "type": "minecraft:item",
          "weight": 50,
          "name": "minecraft:iron_sword"
        },
        {
          "type": "minecraft:item",
          "weight": 50,
          "name": "minecraft:bucket"
        },
        {
          "type": "minecraft:item",
          "weight": 50,
          "name": "minecraft:blaze_rod",
          "functions": [
            {
              "function": "minecraft:set_count",
              "count": 3
            }
          ]
        },
        {
          "type": "minecraft:item",
          "weight": 50,
          "name": "minecraft:glowstone",
          "functions": [
            {
              "function": "minecraft:set_count",
              "count": 4
            }
          ]
        },
        {
          "type": "minecraft:item",
          "weight": 50,
          "name": "minecraft:lantern",
          "functions": [
            {
              "function": "minecraft:set_count",
              "count": 5
            }
          ]
        },
        {
          "type": "minecraft:item",
          "weight": 50,
          "name": "minecraft:redstone_torch",
          "functions": [
            {
              "function": "minecraft:set_count",
              "count": 3
            }
          ]
        },
        {
          "type": "minecraft:item",
          "weight": 50,
          "name": "minecraft:golden_boots"
        },
        {
          "type": "minecraft:item",
          "weight": 50,
          "name": "minecraft:pumpkin_pie",
          "functions": [
            {
              "function": "minecraft:set_count",
              "count": 4
            }
          ]
        },
        {
          "type": "minecraft:item",
          "weight": 50,
          "name": "minecraft:compass"
        },
        {
          "type": "minecraft:item",
          "weight": 40,
          "name": "minecraft:ink_sac",
          "functions": [
            {
              "function": "minecraft:set_count",
              "count": 4
            }
          ]
        },
        {
          "type": "minecraft:item",
          "weight": 40,
          "name": "minecraft:leather",
          "functions": [
            {
              "function": "minecraft:set_count",
              "count": 8
            }
          ]
        },
        {
          "type": "minecraft:item",
          "weight": 40,
          "name": "minecraft:lapis_lazuli",
          "functions": [
            {
              "function": "minecraft:set_count",
              "count": 8
            }
          ]
        },
        {
          "type": "minecraft:item",
          "weight": 40,
          "name": "minecraft:iron_ingot",
          "functions": [
            {
              "function": "minecraft:set_count",
              "count": 4
            }
          ]
        },
        {
          "type": "minecraft:item",
          "weight": 40,
          "name": "minecraft:raw_iron",
          "functions": [
            {
              "function": "minecraft:set_count",
              "count": 4
            }
          ]
        },
        {
          "type": "minecraft:item",
          "weight": 40,
          "name": "minecraft:raw_gold",
          "functions": [
            {
              "function": "minecraft:set_count",
              "count": 4
            }
          ]
        },
        {
          "type": "minecraft:item",
          "weight": 40,
          "name": "minecraft:coal",
          "functions": [
            {
              "function": "minecraft:set_count",
              "count": 9
            }
          ]
        },
        {
          "type": "minecraft:item",
          "weight": 40,
          "name": "minecraft:rail",
          "functions": [
            {
              "function": "minecraft:set_count",
              "count": 12
            }
          ]
        },
        {
          "type": "minecraft:item",
          "weight": 40,
          "name": "minecraft:minecart"
        },
        {
          "type": "minecraft:item",
          "weight": 30,
          "name": "minecraft:iron_boots"
        },
        {
          "type": "minecraft:item",
          "weight": 30,
          "name": "minecraft:bone_meal",
          "functions": [
            {
              "function": "minecraft:set_count",
              "count": 12
            }
          ]
        },
        {
          "type": "minecraft:item",
          "weight": 30,
          "name": "minecraft:iron_shovel"
        },
        {
          "type": "minecraft:item",
          "weight": 30,
          "name": "minecraft:iron_pickaxe"
        },
        {
          "type": "minecraft:item",
          "weight": 30,
          "name": "minecraft:rotten_flesh",
          "functions": [
            {
              "function": "minecraft:set_count",
              "count": 5
            }
          ]
        },
        {
          "type": "minecraft:item",
          "weight": 30,
          "name": "minecraft:golden_axe"
        },
        {
          "type": "minecraft:item",
          "weight": 30,
          "name": "minecraft:golden_helmet"
        },
        {
          "type": "minecraft:item",
          "weight": 30,
          "name": "minecraft:name_tag"
        },
        {
          "type": "minecraft:item",
          "weight": 30,
          "name": "minecraft:lead"
        },
        {
          "type": "minecraft:item",
          "weight": 30,
          "name": "soaringstructures2:heavenly_cup",
          "functions": [
            {
              "function": "minecraft:set_count",
              "count": 2
            }
          ]
        },
        {
          "type": "minecraft:item",
          "weight": 20,
          "name": "minecraft:iron_chestplate"
        },
        {
          "type": "minecraft:item",
          "weight": 20,
          "name": "minecraft:iron_helmet"
        },
        {
          "type": "minecraft:item",
          "weight": 20,
          "name": "minecraft:diamond_axe"
        },
        {
          "type": "minecraft:item",
          "weight": 20,
          "name": "minecraft:bow"
        },
        {
          "type": "minecraft:item",
          "weight": 20,
          "name": "minecraft:turtle_helmet"
        },
        {
          "type": "minecraft:item",
          "weight": 20,
          "name": "minecraft:phantom_membrane",
          "functions": [
            {
              "function": "minecraft:set_count",
              "count": 4
            }
          ]
        },
        {
          "type": "minecraft:item",
          "weight": 20,
          "name": "minecraft:ender_pearl",
          "functions": [
            {
              "function": "minecraft:set_count",
              "count": 4
            }
          ]
        },
        {
          "type": "minecraft:item",
          "weight": 20,
          "name": "minecraft:diamond",
          "functions": [
            {
              "function": "minecraft:set_count",
              "count": 3
            }
          ]
        },
        {
          "type": "minecraft:item",
          "weight": 20,
          "name": "minecraft:emerald",
          "functions": [
            {
              "function": "minecraft:set_count",
              "count": 4
            }
          ]
        },
        {
          "type": "minecraft:item",
          "weight": 20,
          "name": "minecraft:iron_leggings"
        },
        {
          "type": "minecraft:item",
          "weight": 20,
          "name": "minecraft:iron_axe"
        },
        {
          "type": "minecraft:item",
          "weight": 20,
          "name": "minecraft:iron_boots"
        },
        {
          "type": "minecraft:item",
          "weight": 20,
          "name": "minecraft:clock"
        },
        {
          "type": "minecraft:item",
          "weight": 20,
          "name": "minecraft:saddle"
        },
        {
          "type": "minecraft:item",
          "weight": 20,
          "name": "minecraft:diamond_sword"
        },
        {
          "type": "minecraft:item",
          "weight": 20,
          "name": "soaringstructures2:heavenly_tea"
        },
        {
          "type": "minecraft:item",
          "weight": 10,
          "name": "minecraft:diamond_shovel"
        },
        {
          "type": "minecraft:item",
          "weight": 10,
          "name": "minecraft:diamond_pickaxe"
        },
        {
          "type": "minecraft:item",
          "weight": 10,
          "name": "minecraft:netherite_hoe"
        },
        {
          "type": "minecraft:item",
          "weight": 10,
          "name": "minecraft:ghast_tear",
          "functions": [
            {
              "function": "minecraft:set_count",
              "count": 3
            }
          ]
        },
        {
          "type": "minecraft:item",
          "weight": 10,
          "name": "minecraft:chainmail_leggings"
        },
        {
          "type": "minecraft:item",
          "weight": 10,
          "name": "minecraft:diamond_chestplate"
        },
        {
          "type": "minecraft:item",
          "weight": 10,
          "name": "minecraft:experience_bottle",
          "functions": [
            {
              "function": "minecraft:set_count",
              "count": 12
            }
          ]
        },
        {
          "type": "minecraft:item",
          "weight": 10,
          "name": "minecraft:diamond_axe"
        }
      ]
    }
  ]
}
