{
  "type": "minecraft:entity",
  "pools": [
    {
      "rolls": 1,
      "entries": [
        {
          "type": "apotheosis:random_affix_item",
          "weight": 1,
          "quality": 5,
          "min_rarity": "apotheosis:rare",
          "max_rarity": "apotheosis:rare",
          "functions": [
            {
              "function": "minecraft:enchant_randomly"
            }
          ]
        },
        {
          "type": "apotheosis:random_gem",
          "weight": 1,
          "quality": 7,
          "min_rarity": "apotheosis:rare",
          "max_rarity": "apotheosis:rare"
        }
      ],
      "conditions": [
        {
          "condition": "autoleveling:level_check",
          "min": 10,
          "max": 5000
        },
        {
          "condition": "minecraft:killed_by_player"
        },
        {
          "condition": "minecraft:random_chance_with_looting",
          "chance": 0.02,
          "looting_multiplier": 0.01
        }
      ]
    },
    {
      "rolls": 1,
      "entries": [
        {
          "type": "apotheosis:random_affix_item",
          "weight": 1,
          "quality": 5,
          "min_rarity": "apotheosis:epic",
          "max_rarity": "apotheosis:epic",
          "functions": [
            {
              "function": "minecraft:enchant_randomly"
            }
          ]
        },
        {
          "type": "apotheosis:random_gem",
          "weight": 1,
          "quality": 7,
          "min_rarity": "apotheosis:epic",
          "max_rarity": "apotheosis:epic"
        }
      ],
      "conditions": [
        {
          "condition": "autoleveling:level_check",
          "min": 25,
          "max": 5000
        },
        {
          "condition": "minecraft:killed_by_player"
        },
        {
          "condition": "minecraft:random_chance_with_looting",
          "chance": 0.02,
          "looting_multiplier": 0.01
        }
      ]
    },
    {
      "rolls": 1,
      "entries": [
        {
          "type": "apotheosis:random_affix_item",
          "weight": 1,
          "quality": 5,
          "min_rarity": "apotheosis:mythic",
          "max_rarity": "apotheosis:mythic",
          "functions": [
            {
              "function": "minecraft:enchant_randomly"
            }
          ]
        },
        {
          "type": "apotheosis:random_gem",
          "weight": 1,
          "quality": 7,
          "min_rarity": "apotheosis:mythic",
          "max_rarity": "apotheosis:mythic"
        }
      ],
      "conditions": [
        {
          "condition": "autoleveling:level_check",
          "min": 50,
          "max": 5000
        },
        {
          "condition": "minecraft:killed_by_player"
        },
        {
          "condition": "minecraft:random_chance_with_looting",
          "chance": 0.02,
          "looting_multiplier": 0.005
        }
      ]
    },
    {
      "rolls": 1,
      "entries": [
        {
          "type": "apotheosis:random_affix_item",
          "weight": 1,
          "quality": 6,
          "min_rarity": "apotheotic_additions:artifact",
          "max_rarity": "apotheotic_additions:heirloom",
          "functions": [
            {
              "function": "minecraft:enchant_randomly"
            }
          ]
        },
        {
          "type": "apotheosis:random_gem",
          "weight": 1,
          "quality": 7,
          "min_rarity": "apotheotic_additions:artifact",
          "max_rarity": "apotheotic_additions:heirloom"
        }
      ],
      "conditions": [
        {
          "condition": "autoleveling:level_check",
          "min": 101,
          "max": 5000
        },
        {
          "condition": "minecraft:killed_by_player"
        },
        {
          "condition": "minecraft:random_chance_with_looting",
          "chance": 0.004,
          "looting_multiplier": 0.002
        }
      ]
    },
    {
      "rolls": 1,
      "entries": [
        {
          "type": "apotheosis:random_affix_item",
          "weight": 1,
          "quality": 7,
          "min_rarity": "apotheotic_additions:heirloom",
          "max_rarity": "apotheotic_additions:heirloom",
          "functions": [
            {
              "function": "minecraft:enchant_randomly"
            }
          ]
        },
        {
          "type": "apotheosis:random_gem",
          "weight": 1,
          "quality": 7,
          "min_rarity": "apotheotic_additions:heirloom",
          "max_rarity": "apotheotic_additions:heirloom"
        }
      ],
      "conditions": [
        {
          "condition": "autoleveling:level_check",
          "min": 150,
          "max": 5000
        },
        {
          "condition": "minecraft:killed_by_player"
        },
        {
          "condition": "minecraft:random_chance_with_looting",
          "chance": 0.001,
          "looting_multiplier": 0.001
        }
      ]
    },
    {
      "rolls": 1,
      "entries": [
        {
          "type": "apotheosis:random_affix_item",
          "weight": 1,
          "quality": 7,
          "min_rarity": "apotheotic_additions:esoteric",
          "max_rarity": "apotheotic_additions:esoteric",
          "functions": [
            {
              "function": "minecraft:enchant_randomly"
            }
          ]
        },
        {
          "type": "apotheosis:random_gem",
          "weight": 1,
          "quality": 7,
          "min_rarity": "apotheotic_additions:esoteric",
          "max_rarity": "apotheotic_additions:esoteric"
        }
      ],
      "conditions": [
        {
          "condition": "autoleveling:level_check",
          "min": 178,
          "max": 5000
        },
        {
          "condition": "minecraft:killed_by_player"
        },
        {
          "condition": "minecraft:random_chance_with_looting",
          "chance": 0.003,
          "looting_multiplier": 0.001
        }
      ]
    }
  ]
}