{
        "loading_priority": 1,
	"powers": [
                "medievalorigins:incubus/demon_fire",
		"medievalorigins:incubus/hellborne",
                "medievalorigins:incubus/carnivore",
                "medievalorigins:incubus/unholy_deal",
                "medievalorigins:incubus/hydrophobe",
                "medievalorigins:incubus/impure",
                "medievalorigins:incubus/dimension_strength",
                "medievalorigins:incubus/lava_swim",
                "medievalorigins:incubus/red",
                "origins:nether_spawn",
                "origins_survive:heat_resistance",
                "origins_survive:lava_drinker"
	],
        "icon": {
		"item": "minecraft:ink_sac",
		"tag": "{CustomModelData:353}"
	},
	"impact": 2,
        "order": 1
}
