{
        "loading_priority": 1,
        "powers": [
                "medievalorigins:moon_elf/moonlight_rogue",
                "medievalorigins:moon_elf/stealth",
                "medievalorigins:moon_elf/ethereal",
                "medievalorigins:moon_elf/crazed",
                "medievalorigins:moon_elf/elegant",
                "medievalorigins:moon_elf/nimble",
                "medievalorigins:moon_elf/fragile",
                "medievalorigins:moon_elf/towering",
                "origins_survive:sleepless"
        ],
        "icon": {
                "item": "minecraft:amethyst_cluster"
        },
        "impact": 3,
        "order": 1
}