{
        "loading_priority": 1,
	"powers": [
                "medievalorigins:necromancer/hellraiser",
                "medievalorigins:necromancer/siphon",
                "medievalorigins:necromancer/resilient",
                "medievalorigins:necromancer/impervious",
                "medievalorigins:necromancer/poor_reputation",
                "medievalorigins:necromancer/black_thumb",
                "medievalorigins:necromancer/disturbed",
                "medievalorigins:necromancer/unguarded",
                "origins_survive:sleepless"
	],
	"icon": "minecraft:wither_rose",
	"impact": 2,
        "order": 1
}
