{
        "loading_priority": 1,
	"powers": [
                "medievalorigins:plague_victim/foul_aura",
		"medievalorigins:plague_victim/plague_immunity",
                "medievalorigins:plague_victim/risk_of_transmission",
                "medievalorigins:plague_victim/contagious",
                "medievalorigins:plague_victim/insomniac",
                "medievalorigins:plague_victim/sensitive_skin",
                "medievalorigins:plague_victim/skin_and_bones",
                "origins_surive:illness_resistance"
	],
	"icon": "minecraft:soul_sand",
	"impact": 2,
        "order": 1
}
