{
	"parent": "apotheosis:affix/root",
	"conditions": [{
		"type": "apotheosis:module",
		"module": "deadly"
	}],
	"display": {
		"icon": {
			"item": "minecraft:chest"
		},
		"title": {
			"translate": "advancements.apotheosis.chests"
		},
		"description": {
			"translate": "advancements.apotheosis.chests.desc"
		},
		"frame": "task",
		"hidden": false,
		"background": "apotheosis:textures/advancements/bg/apoth.png"
	},
	"criteria": {
		"sword": {
			"trigger": "minecraft:inventory_changed",
			"conditions": {
				"apoth": {
					"type": "nbt",
					"nbt": "{apoth_rchest:true}"
				}
			}
		}
	},
	"requirements": [
		[
			"sword"
		]
	]
}