{
  "type": "minecraft:crafting_shaped",
  "pattern": [
  	" qP",
    "CcE",
    " DP"
  ],
  "key": {
  	"P": {
      "tag": "minecraft:planks"
    },
    "c": {
      "tag": "c:chest"
    },
    "D": {
      "item": "minecraft:diamond"
    },
    "C": {
      "item": "toms_storage:ts.inventory_cable"
    },
    "E": {
      "item": "minecraft:ender_pearl"
    },
    "q": {
      "tag": "c:quartz"
    }
  },
  "result": {
    "item": "toms_storage:ts.inventory_cable_connector"
  }
}