{
  "values": {
    "wizardex:crit_chance_factor": {
      "percentage": "100.0",
      "weight": "r30:a100:x0.1:y0.26:z0.01:u0.01:v0.5:w0.01"
    },
    "wizardex:crit_damage_factor": {
      "percentage": "1000.0",
      "weight": "r40:a100:x0.1:y0.151:z0.01:u0.01:v0.5:w0.01"
    },
    "wizardex:spell_haste_factor": {
      "percentage": "100.0"
    },
    "wizardex:spell_power_all": {
      "percentage": "100.0"
    },
    "spell_power:arcane": {
      "weight": "r30:a50:x1:y8:z1:u0.15:v0.5:w0.01"
    },
    "spell_power:frost": {
      "weight": "r30:a50:x1:y8:z1:u0.15:v0.5:w0.01"
    },
    "spell_power:fire": {
      "weight": "r30:a50:x1:y8:z1:u0.15:v0.5:w0.01"
    },
    "spell_power:healing": {
      "weight": "r30:a50:x1:y8:z1:u0.15:v0.5:w0.01"
    }
  }
}
