{
    "loading_priority": 1,
    "unchoosable": true,
    "name": "Thief",
    "description": "You're sneaky, and fast. Always ready to steal from those you dislike.",
    "powers": [
        "rpg_origins:speedy",
        "rpg_origins:stealthy",
        "origins:no_shield",
        "rpg_origins:better_unnoticed",
        "rpg_origins:uneasy_alliance",
        "rpg_origins:thefty",
        "rpg_origins:stealthy_damage",
        "rpg_origins:weak"
    ],
    "icon": {
        "item": "minecraft:iron_sword"
    },
    "impact": 3
}