{
	"type": "zenith:mob_effect",
	"mob_effect": "minecraft:poison",
	"target": "ARROW_TARGET",
	"stack_on_reapply": true,
	"values": {
		"epic": {
			"duration": {
				"min": 80,
				"steps": 3,
				"step": 20
			},
			"amplifier": {
				"min": 0,
				"steps": 4,
				"step": 0.26
			},
			"cooldown": 40
		},
		"mythic": {
			"duration": {
				"min": 80,
				"steps": 3,
				"step": 20
			},
			"amplifier": {
				"min": 0,
				"steps": 4,
				"step": 0.26
			},
			"cooldown": 40
		},
		"ancient": {
			"duration": {
				"min": 80,
				"steps": 3,
				"step": 20
			},
			"amplifier": 2,
			"cooldown": 40
		}
	},
	"types": [
		"bow",
		"crossbow",
		"trident"
	]
}