{
	"type": "zenith:mob_effect",
	"mob_effect": "minecraft:levitation",
	"target": "ARROW_TARGET",
	"values": {
		"epic": {
			"duration": {
				"min": 20,
				"steps": 3,
				"step": 20
			},
			"amplifier": {
				"min": 0,
				"steps": 4,
				"step": 0.26
			},
			"cooldown": 140
		},
		"mythic": {
			"duration": {
				"min": 20,
				"steps": 4,
				"step": 20
			},
			"amplifier": {
				"min": 0,
				"steps": 8,
				"step": 0.26
			},
			"cooldown": 140
		},
		"ancient": {
			"duration": {
				"min": 40,
				"steps": 5,
				"step": 20
			},
			"amplifier": 3,
			"cooldown": 140
		}
	},
	"types": [
		"bow",
		"crossbow",
		"trident"
	]
}