{
  "processors": [
    {
      "processor_type": "repurposed_structures:pillar_processor",
      "direction": "DOWN",
      "pillar_trigger_and_replacements": [
        {
          "trigger" : {
            "Name": "minecraft:white_stained_glass"
          },
          "replacement" : {
            "Name": "minecraft:spruce_log",
            "Properties": {
              "axis": "y"
            }
          }
        }
      ]
    },
    {
      "rules": [
        {
          "output_state": {
            "Name": "minecraft:mossy_cobblestone"
          },
          "input_predicate": {
            "block": "minecraft:cobblestone",
            "probability": 0.75,
            "predicate_type": "minecraft:random_block_match"
          },
          "location_predicate": {
            "predicate_type": "minecraft:always_true"
          }
        },
        {
          "output_state": {
            "Name": "minecraft:cracked_stone_bricks"
          },
          "input_predicate": {
            "block": "minecraft:mossy_stone_bricks",
            "probability": 0.33,
            "predicate_type": "minecraft:random_block_match"
          },
          "location_predicate": {
            "predicate_type": "minecraft:always_true"
          }
        },
        {
          "output_state": {
            "Name": "minecraft:mossy_stone_bricks"
          },
          "input_predicate": {
            "block": "minecraft:cracked_stone_bricks",
            "probability": 0.33,
            "predicate_type": "minecraft:random_block_match"
          },
          "location_predicate": {
            "predicate_type": "minecraft:always_true"
          }
        },
        {
          "output_state": {
            "Name": "minecraft:mossy_stone_bricks"
          },
          "input_predicate": {
            "block": "minecraft:stone_bricks",
            "probability": 0.22,
            "predicate_type": "minecraft:random_block_match"
          },
          "location_predicate": {
            "predicate_type": "minecraft:always_true"
          }
        },
        {
          "output_state": {
            "Name": "minecraft:stone_bricks"
          },
          "input_predicate": {
            "block": "minecraft:mossy_stone_bricks",
            "probability": 0.2,
            "predicate_type": "minecraft:random_block_match"
          },
          "location_predicate": {
            "predicate_type": "minecraft:always_true"
          }
        },
        {
          "output_state": {
            "Name": "minecraft:stone_bricks"
          },
          "input_predicate": {
            "block": "minecraft:cracked_stone_bricks",
            "probability": 0.2,
            "predicate_type": "minecraft:random_block_match"
          },
          "location_predicate": {
            "predicate_type": "minecraft:always_true"
          }
        },
        {
          "output_state": {
            "Name": "minecraft:cracked_stone_bricks"
          },
          "input_predicate": {
            "block": "minecraft:stone_bricks",
            "probability": 0.2,
            "predicate_type": "minecraft:random_block_match"
          },
          "location_predicate": {
            "predicate_type": "minecraft:always_true"
          }
        }
      ],
      "processor_type": "minecraft:rule"
    },
    {
      "processor_type": "repurposed_structures:structure_void_processor"
    },
    {
      "processor_type": "repurposed_structures:air_processor"
    }
  ]
}