{
  "processors": [
    {
      "processor_type": "repurposed_structures:pillar_processor",
      "direction": "DOWN",
      "pillar_trigger_and_replacements": [
        {
          "trigger" : {
            "Name": "minecraft:white_stained_glass"
          },
          "replacement" : {
            "Name": "minecraft:oak_log",
            "Properties": {
              "axis": "y"
            }
          }
        }
      ]
    },
    {
      "processor_type": "repurposed_structures:structure_void_processor"
    },
    {
      "processor_type": "repurposed_structures:air_processor"
    }
  ]
}