{
	"conditions": [{
		"type": "forge:mod_loaded",
		"modid": "twilightforest"
	}],
	"entity": "twilightforest:carminite_golem",
	"weight": 30,
	"quality":  7.5,
	"size": {
		"width": 2,
		"height": 3
	},
	"valid_gear_sets": [
		"#twilight"
	],
	"dimensions": [
		"twilightforest:twilight_forest"
	],
	"min_rarity": "epic",
	"max_rarity": "epic",
	"stats": {
		"epic": {
			"enchant_chance": 0.75,
			"enchantment_levels": [26, 22, 40, 30],
			"effects": [{
				"effect": "minecraft:fire_resistance",
				"chance": 1.0
			}],
			"attribute_modifiers": [{
					"attribute": "minecraft:generic.max_health",
					"operation": "ADDITION",
					"value": {
						"min": 60,
						"steps": 40,
						"step": 2
					}
				},
				{
					"attribute": "minecraft:generic.movement_speed",
					"operation": "MULTIPLY_BASE",
					"value": {
						"min": 0.20,
						"steps": 25,
						"step": 0.01
					}
				},
				{
					"attribute": "minecraft:generic.attack_damage",
					"operation": "MULTIPLY_BASE",
					"value": {
						"min": 0.30,
						"steps": 35,
						"step": 0.01
					}
				},
				{
					"attribute": "minecraft:generic.knockback_resistance",
					"operation": "ADDITION",
					"value": 0.55
				},
				{
					"attribute": "minecraft:generic.armor",
					"operation": "ADDITION",
					"value": 6
				},
				{
					"attribute": "minecraft:generic.armor_toughness",
					"operation": "ADDITION",
					"value": 6
				}
			]
		}
	}
}