{
    "id": "tiered:common_tool_1",
    "verifiers": [
        {
            "tag": "c:pickaxes"
        },
        {
            "tag": "c:shovels"
        },
        {
            "tag": "c:hoes"
        }
    ],
    "weight": 50,
    "style": {
        "color": "gray"
    },
    "attributes": [
        {
            "type": "tiered:generic.durable",
            "modifier": {
                "name": "tiered:common_tool_1",
                "operation": "MULTIPLY_TOTAL",
                "amount": -0.3
            },
            "optional_equipment_slots": [
                "MAINHAND"
            ]
        },
        {
            "type": "generic.movement_speed",
            "modifier": {
                "name": "tiered:common_tool_1",
                "operation": "MULTIPLY_TOTAL",
                "amount": -0.1
            },
            "optional_equipment_slots": [
                "MAINHAND"
            ]
        },
        {
            "type": "reach-entity-attributes:reach",
            "modifier": {
                "name": "tiered:common_tool_1",
                "operation": "ADDITION",
                "amount": -2
            },
            "optional_equipment_slots": [
                "MAINHAND"
            ]
        }
    ]
}