{
    "id": "tiered:epic_tool_2",
    "verifiers": [
        {
            "tag": "c:pickaxes"
        },
        {
            "tag": "c:shovels"
        },
        {
            "tag": "c:hoes"
        }
    ],
    "weight": 8,
    "style": {
        "color": "dark_purple"
    },
    "attributes": [
        {
            "type": "tiered:generic.durable",
            "modifier": {
                "name": "tiered:epic_tool_2",
                "operation": "MULTIPLY_TOTAL",
                "amount": 0.2
            },
            "optional_equipment_slots": [
                "MAINHAND"
            ]
        },
        {
            "type": "generic.movement_speed",
            "modifier": {
                "name": "tiered:epic_tool_2",
                "operation": "MULTIPLY_TOTAL",
                "amount": 0.05
            },
            "optional_equipment_slots": [
                "MAINHAND"
            ]
        }
    ]
}