{
    "id": "tiered:rare_tool_4",
    "verifiers": [
        {
            "tag": "c:pickaxes"
        },
        {
            "tag": "c:shovels"
        },
        {
            "tag": "c:hoes"
        }
    ],
    "weight": 15,
    "style": {
        "color": "blue"
    },
    "attributes": [
        {
            "type": "tiered:generic.dig_speed",
            "modifier": {
                "name": "tiered:rare_tool_4",
                "operation": "MULTIPLY_TOTAL",
                "amount": -0.1
            },
            "optional_equipment_slots": [
                "MAINHAND"
            ]
        },
        {
            "type": "reach-entity-attributes:reach",
            "modifier": {
                "name": "tiered:rare_tool_4",
                "operation": "ADDITION",
                "amount": 1
            },
            "optional_equipment_slots": [
                "MAINHAND"
            ]
        }
    ]
}