{
    "id": "tiered:unique_tool_3",
    "verifiers": [
        {
            "tag": "c:pickaxes"
        },
        {
            "tag": "c:shovels"
        },
        {
            "tag": "c:hoes"
        }
    ],
    "weight": 0,
    "style": {
        "color": "light_purple"
    },
    "attributes": [
        {
            "type": "tiered:generic.dig_speed",
            "modifier": {
                "name": "tiered:unique_tool_3",
                "operation": "MULTIPLY_TOTAL",
                "amount": 0.3
            },
            "optional_equipment_slots": [
                "MAINHAND"
            ]
        },
        {
            "type": "generic.movement_speed",
            "modifier": {
                "name": "tiered:unique_tool_3",
                "operation": "MULTIPLY_TOTAL",
                "amount": 0.1
            },
            "optional_equipment_slots": [
                "MAINHAND"
            ]
        },
        {
            "type": "reach-entity-attributes:reach",
            "modifier": {
                "name": "tiered:unique_tool_3",
                "operation": "ADDITION",
                "amount": 3
            },
            "optional_equipment_slots": [
                "MAINHAND"
            ]
        }
    ]
}