{
    "type": "minecraft:chest",
    "pools": [
        {
            "name": "tetra_nether_bridge_extended",
            "rolls": 1,
            "entries": [
                {
                    "type": "minecraft:item",
                    "conditions": [
                        {
                            "condition": "minecraft:random_chance",
                            "chance": 0.25
                        }
                    ],
                    "name": "tetra:scroll_rolled",
                    "functions": [
                        {
                            "function": "tetra:scroll",
                            "key": "hone/gild_1",
                            "intricate": true,
                            "material": 2,
                            "ribbon": "c9ae69",
                            "glyphs": [
                                15,
                                14,
                                15,
                                15
                            ],
                            "schematics": [
                                "tetra:hone/gild_1"
                            ]
                        }
                    ]
                }
            ]
        }
    ]
}