{
	"variant": "lunar",
	"weight": 10,
	"quality": 0,
	"dimensions": [
	],
	"bonuses": [{
			"type": "zenith:attribute",
			"gem_class": {
				"key": "light_weapon",
				"types": [
					"sword",
					"trident"
				]
			},
			"attribute": "zenith_attributes:cold_damage",
			"operation": "ADDITION",
			"values": {
				"common": 1,
				"uncommon": 1.5,
				"rare": 2.5,
				"epic": 4,
				"mythic": 6,
				"ancient": 8
			}
		},
		{
			"type": "zenith:attribute",
			"gem_class": {
				"key": "core_armor",
				"types": [
					"chestplate", "leggings"
				]
			},
			"attribute": "porting_lib:entity_gravity",
			"operation": "MULTIPLY_TOTAL",
			"values": {
				"common": -0.10,
				"uncommon": -0.25,
				"rare": -0.45,
				"epic": -0.65,
				"mythic": -0.85,
				"ancient": -1.04
			}
		},
		{
			"type": "zenith:attribute",
			"gem_class": {
				"key": "boots",
				"types": [
					"boots"
				]
			},
			"attribute": "porting_lib:swim_speed",
			"operation": "MULTIPLY_BASE",
			"values": {
				"common": 0.10,
				"uncommon": 0.20,
				"rare": 0.30,
				"epic": 0.45,
				"mythic": 0.60,
				"ancient": 0.80
			}
		}
	]
}