{
    "1": {
        "replace": false,
        "items": [
            "minecraft:apple",
            "minecraft:glow_berries",
            "minecraft:sweet_berries",
            "archon:mana_berries",
            "betternether:black_apple",
            "betternether:stalagnate_bowl_apple",
            "brewinandchewin:saccharine_rum",
            "brewinandchewin:vodka",
            "brewinandchewin:salty_folly",
            "brewinandchewin:red_rum",
            "brewinandchewin:withering_dross",
            "byg:nightshade_berries",
            "byg:crimson_berries",
            "byg:blueberries",
            "byg:baobab_fruit",
            "byg:joshua_fruit",
            "byg:green_apple",
            "bwplus:dragonfruit",
            "betterend:shadow_berry_raw",
            "betterend:blossom_berry",
            "bewitchment:witchberry",
            "cinderscapes:bramble_berries",
            "ecologics:prickly_pear",
            "farmersdelight:tomato",
            "farmersrespite:coffee_berries",
            "immersive_weathering:pond_water",
            "paradise_lost:blue_berry",
            "paradise_lost:white_apple",
            "twilightforest:torchberries",
            "vinery:apple_mash",
            "vinery:red_grape",
            "vinery:white_grape",
            "vinery:cherry",
            "xps:xp_berries"
        ]
    },
    "2": {
        "replace": false,
        "items": [
            "the_bumblezone:sugar_water_bottle",
            "bewitchment:bottle_of_blood",
            "farmersdelight:tomato_sauce",
            "culturaldelights:creamed_corn"
        ]
    },
    "3": {
        "replace": false,
        "items": [
            "bewitchment:grotesque_stew",
            "biomemakeover:glowshroom_stew",
            "byg:white_puffball_stew",
            "ecologics:tropical_stew",
            "betternether:stalagnate_bowl_wart",
            "betternether:stalagnate_bowl_mushroom",
            "betternether:agave_medicine",
            "betternether:herbal_medicine",
            "farmersdelight:bone_broth",
            "gofish:aquatic_astral_stew",
            "meadow:bear_stew",
            "netherdepthsupgrade:baked_lava_pufferfish_stew",
            "netherdepthsupgrade:baked_obsidianfish_stew",
            "netherdepthsupgrade:baked_searing_cod_stew",
            "netherdepthsupgrade:baked_blazefish_stew",
            "netherdepthsupgrade:baked_magmacubefish_stew",
            "netherdepthsupgrade:baked_glowdine_stew",
            "netherdepthsupgrade:baked_soulsucker_stew",
            "nethersdelight:strider_moss_stew",
            "shroom_dealers:champignon_stew",
            "shroom_dealers:laccaria_stew",
            "twilightforest:meef_stroganoff",
            "paradise_lost:amadrys_noodle_soup"
        ]
    },
    "4": {
        "replace": false,
        "items": [
            "minecraft:golden_apple",
            "adorn:sweet_berry_juice",
            "adorn:nether_wart_coffee",
            "adorn:hot_chocolate",
            "adorn:glow_berry_tea",
            "betterend:umbrella_cluster_juice",
            "brewinandchewin:beer",
            "brewinandchewin:mead",
            "brewinandchewin:rice_wine",
            "brewinandchewin:egg_grog",
            "brewinandchewin:pale_jane",
            "brewinandchewin:strongroot_ale",
            "brewinandchewin:steel_toe_stout",
            "brewinandchewin:glittering_grenadine",
            "brewinandchewin:bloody_mary",
            "brewinandchewin:kombucha",
            "vinery:apple_cider",
            "vinery:apple_juice",
            "vinery:aegis_wine",
            "vinery:apple_wine",
            "vinery:bolvar_wine",
            "vinery:chenet_wine",
            "vinery:cherry_wine",
            "vinery:chorus_wine",
            "vinery:clark_wine",
            "vinery:jellie_wine",
            "vinery:kelp_cider",
            "vinery:king_danis_wine",
            "vinery:magnetic_wine",
            "vinery:mellohi_wine",
            "vinery:noir_wine",
            "vinery:solaris_wine",
            "vinery:stal_wine",
            "snowyspirit:eggnog",
            "farmersrespite:green_tea",
            "farmersrespite:black_tea",
            "farmersrespite:yellow_tea",
            "farmersrespite:rose_hip_tea",
            "farmersrespite:dandelion_tea",
            "farmersrespite:coffee",
            "farmersrespite:apple_cider",
            "farmersrespite:long_black_tea",
            "farmersrespite:long_yellow_tea",
            "farmersrespite:long_rose_hip_tea",
            "farmersrespite:long_dandelion_tea",
            "farmersrespite:long_coffee",
            "farmersrespite:long_apple_cider",
            "farmersrespite:strong_black_tea",
            "farmersrespite:strong_yellow_tea",
            "farmersrespite:strong_rose_hip_tea",
            "farmersrespite:strong_dandelion_tea",
            "farmersrespite:strong_coffee",
            "farmersrespite:strong_apple_cider"
        ]
    },
    "6": {
        "replace": false,
        "items": [
            "farmersdelight:fruit_salad"
        ]
    },
    "8": {
        "replace": false,
        "items": [
            "meadow:jug_milk"
        ]
    },
    "10": {
        "replace": false,
        "items": [
            "meadow:jug_milk",
            "meadow:jug_yarrow_tea",
            "meadow:jug_juniper_tea",
            "paradise_lost:skyroot_milk_bucket"
        ]
    },
    "18": {
        "replace": false,
        "items": [
            "minecraft:enchanted_golden_apple",
            "mythicupgrades:sapphire_apple",
            "mythicupgrades:ruby_apple",
            "mythicupgrades:jade_apple",
            "mythicupgrades:topaz_apple",
            "mythicupgrades:ametrine_apple",
            "mythicupgrades:aquamarine_fish",
            "the_bumblezone:royal_jelly_bottle",
            "bosses_of_mass_destruction:crystal_fruit",
            "paradise_lost:valkyrie_milk"
        ]
    }
}