{
	"type": "zenith:mob_effect",
	"mob_effect": "minecraft:instant_health",
	"target": "HURT_SELF",
	"values": {
		"epic": {
			"duration": 1,
			"amplifier": 0,
			"cooldown": 300
		},
		"mythic": {
			"duration": 1,
			"_comment": "This weird amplifier setup gives a 20% chance of Instant Health II being granted",
			"amplifier": {
				"min": 0,
				"steps": 4,
				"step": 0.3
			},
			"cooldown": 240
		},
		"ancient": {
			"duration": 1,
			"amplifier": {
				"min": 1,
				"steps": 1,
				"step": 1
			},
			"cooldown": 200
		}
	},
	"types": [
		"chestplate", "leggings"
	]
}