{
    "values": {
        "playerex:constitution": {
            "minecraft:generic.max_health": {
            	"behaviour": "ADDITION",
            	"value": 0.5
            },
            "minecraft:generic.armor": {
            	"behaviour": "ADDITION",
            	"value": 0.25
            },
            "playerex:wither_resistance": {
            	"behaviour": "ADDITION",
            	"value": 0.01
            },
            "playerex:poison_resistance": {
            	"behaviour": "ADDITION",
            	"value": 0.01
            },
            "playerex:freeze_resistance": {
            	"behaviour": "ADDITION",
            	"value": 0.01
            },
            "playerex:health_regeneration": {
            	"behaviour": "ADDITION",
            	"value": 0.01
            }
        },
        "playerex:strength": {
        	"minecraft:generic.attack_damage": {
            	"behaviour": "ADDITION",
            	"value": 0.25
            },
            "playerex:melee_crit_damage": {
            	"behaviour": "ADDITION",
            	"value": 0.005
            },
            "minecraft:generic.knockback_resistance": {
            	"behaviour": "ADDITION",
            	"value": 0.01
            },
            "playerex:breaking_speed": {
            	"behaviour": "ADDITION",
            	"value": 0.01
            }
        },
        "playerex:dexterity": {
        	"minecraft:generic.attack_speed": {
            	"behaviour": "MULTIPLY",
            	"value": 0.02
            },
            "projectile_damage:generic": {
            	"behaviour": "ADDITION",
            	"value": 0.25
            },
            "playerex:ranged_crit_damage": {
            	"behaviour": "ADDITION",
            	"value": 0.005
            },
            "playerex:fire_resistance": {
                "behaviour": "ADDITION",
                "value": 0.01
            },
            "minecraft:generic.movement_speed": {
                "behaviour": "MULTIPLY",
                "value": 0.01
            }
        },
        "playerex:intelligence": {
        	"playerex:heal_amplification": {
            	"behaviour": "ADDITION",
            	"value": 0.005
            },
            "playerex:lightning_resistance": {
            	"behaviour": "ADDITION",
            	"value": 0.01
            }
        },
        "playerex:luckiness": {
        	"minecraft:generic.luck": {
            	"behaviour": "ADDITION",
            	"value": 0.05
            },
            "playerex:evasion": {
            	"behaviour": "ADDITION",
            	"value": 0.01
            },
            "playerex:melee_crit_chance": {
            	"behaviour": "ADDITION",
            	"value": 0.02
            },
            "playerex:ranged_crit_chance": {
            	"behaviour": "ADDITION",
            	"value": 0.02
            }
        }
    }
}