{
    "variant": "ender",
    "weight": 5,
    "quality": 0,
    "dimensions": [],
    "bonuses": [
        {
            "type": "apotheosis:attribute",
            "gem_class":
            {
                "key": "anything",
                "types": ["helmet",
                    "chestplate",
                    "leggings",
                    "boots", "spellbook"]
            },
            "attribute": "irons_spellbooks:ender_spell_power",
            "operation": "MULTIPLY_TOTAL",
            "values":
            {
                "common":
                {
                    "min": 0.01,
                    "steps": 5,
                    "step": 0.01
                },
                "uncommon":
                {
                    "min": 0.05,
                    "steps": 5,
                    "step": 0.01
                },
                "rare":
                {
                    "min": 0.09,
                    "steps": 5,
                    "step": 0.01
                },
                "epic":
                {
                    "min": 0.11,
                    "steps": 5,
                    "step": 0.01
                },
                "mythic":
                {
                    "min": 0.15,
                    "steps": 5,
                    "step": 0.01
                },
                "ancient":
                {
                    "min": 0.18,
                    "steps": 8,
                    "step": 0.01
                }
            }
        }
    ]
}