{
    "type": "minecraft:chest",
    "pools": [
        {
            "rolls": 1,
            "entries": [
                {
                    "type": "minecraft:item",
                    "name": "minecraft:written_book",
                    "functions": [
                        {
                            "function": "athenaeum:get_random_book",
                            "author": [
                                "Reven",
                                "Haliel Myrm",
                                "Berdier Wreans",
                                "Yaqut Tawashi",
                                "Porbert Lyttumly"
                            ]
                        }
                    ],
                    "weight": 1
                },
                {
                    "type": "minecraft:item",
                    "name": "minecraft:air",
                    "weight": 2
                }
            ]
        }
    ]
}