{
  "type": "minecraft:entity",
  "pools": [
    {
      "bonus_rolls": 0.0,
      "conditions": [
        {
          "condition": "minecraft:killed_by_player"
        }
      ],
      "entries": [
        {
          "type": "minecraft:item",
          "functions": [
            {
              "type": "treasurebags:player",
              "function": "treasurebags:set_bag_type"
            }
          ],
          "name": "treasurebags:treasure_bag"
        }
      ],
      "rolls": 1.0
    }
  ]
}