{
  "values": [
    {"id":"#c:helmets","required":false},
    {"id":"#forge:helmets","required":false},
    {"id":"#forge:armor/helmets","required":false},
    {"id":"ancient_aether:valkyrum_helmet","required":false},
    {"id":"aquamirae:terrible_helmet","required":false},
    {"id":"bloodmagic:livingplate","required":false},
    {"id":"eidolon:bonelord_helmet","required":false},
    {"id":"eidolon:silver_helmet","required":false},
    {"id":"epicempires:spartan_helmet","required":false},
    {"id":"epicempires:spartan_elite_helmet","required":false},
    {"id":"epicempires:roman_helmet","required":false},
    {"id":"epicempires:roman_elite_helmet","required":false},
    {"id":"epicempires:egyptian_helmet","required":false},
    {"id":"epicempires:egyptian_elite_helmet","required":false},
    {"id":"forbidden_arcanus:draco_arcanus_helmet","required":false},
    {"id":"forbidden_arcanus:tyr_helmet","required":false},
    {"id":"forbidden_arcanus:mortem_helmet","required":false},
    {"id":"immersive_armors:wither_helmet","required":false},
    {"id":"immersive_armors:bone_helmet","required":false},
    {"id":"immersive_armors:warrior_helmet","required":false},
    {"id":"immersive_armors:heavy_helmet","required":false},
    {"id":"immersive_armors:robe_helmet","required":false},
    {"id":"immersive_armors:slime_helmet","required":false},
    {"id":"immersive_armors:divine_helmet","required":false},
    {"id":"immersive_armors:prismarine_helmet","required":false},
    {"id":"immersive_armors:wooden_helmet","required":false},
    {"id":"immersive_armors:steampunk_helmet","required":false},
    {"id":"knightsnmages:blue_knight_helmet","required":false},
    {"id":"knightsnmages:dark_knight_helmet","required":false},
    {"id":"endlessbiomes:anklor_shell_armour_helmet","required":false},
    {"id":"eldritch_end:etyrite_helmet","required":false},
    {"id":"betterend:aeternium_helmet","required":false},
    {"id":"betterend:crystalite_helmet","required":false},
    {"id":"betterend:thallasium_helmet","required":false},
    {"id":"betterend:terminite_helmet","required":false}
  ]
}