{
    "ordinal": 2,
    "color": "#5555FF",
    "material": "zenith:rare_material",
	"weight": 40,
	"quality": 10,
	"rules": [{
			"type": "stat",
			"chance": 1.0
		},
		{
			"type": "stat",
			"chance": 1.0
		},
		{
			"type": "stat",
			"chance": 1.0
		},
		{
			"type": "ability",
			"chance": 1.0
		},
		{
			"type": "ability",
			"chance": 0.33
		},
		{
			"type": "socket",
			"chance": 0.85
		},
		{
			"type": "socket",
			"chance": 0.65
		},
		{
			"type": "durability",
			"chance": 0.1
		}
	]
}