{
	"variant": "lightning",
	"weight": 10,
	"quality": 0,
	"dimensions": [
	],
	"bonuses": [{
			"type": "zenith:attribute",
			"gem_class": {
				"key": "ranged_weapon",
				"types": [
					"bow",
					"crossbow"
				]
			},
			"attribute": "zenith_attributes:arrow_velocity",
			"operation": "MULTIPLY_BASE",
			"values": {
				"common": 0.05,
				"uncommon": 0.125,
				"rare": 0.20,
				"epic": 0.30,
				"mythic": 0.35,
				"ancient": 0.40
			}
		},
		{
			"type": "zenith:attribute",
			"gem_class": {
				"key": "breaker",
				"types": [
					"shovel",
					"pickaxe"
				]
			},
			"attribute": "zenith_attributes:mining_speed",
			"operation": "ADDITION",
			"values": {
				"common": 0.05,
				"uncommon": 0.15,
				"rare": 0.25,
				"epic": 0.35,
				"mythic": 0.425,
				"ancient": 0.50
			}
		},
		{
			"type": "zenith:attribute",
			"gem_class": {
				"key": "lower_armor",
				"types": [
					"boots", "leggings"
				]
			},
			"attribute": "minecraft:generic.movement_speed",
			"operation": "MULTIPLY_TOTAL",
			"values": {
				"common": 0.10,
				"uncommon": 0.225,
				"rare": 0.375,
				"epic": 0.40,
				"mythic": 0.55,
				"ancient": 0.70
			}
		}
	]
}