{
	"type": "zenith:mob_effect",
	"mob_effect": "minecraft:resistance",
	"target": "HURT_SELF",
	"values": {
		"rare": {
			"duration": {
				"min": 80,
				"steps": 2,
				"step": 20
			},
			"amplifier": 0,
			"cooldown": 300
		},
		"epic": {
			"duration": {
				"min": 80,
				"steps": 3,
				"step": 20
			},
			"amplifier": {
				"min": 0,
				"steps": 5,
				"step": 0.2
			},
			"cooldown": 260
		},
		"mythic": {
			"duration": {
				"min": 80,
				"steps": 3,
				"step": 20
			},
			"amplifier": {
				"min": 0,
				"steps": 2,
				"step": 0.5
			},
			"cooldown": 240
		},
		"ancient": {
			"duration": {
				"min": 100,
				"steps": 10,
				"step": 40
			},
			"amplifier": {
				"min": 0,
				"steps": 4,
				"step": 0.5
			},
			"cooldown": 160
		}
	},
	"types": [
		"chestplate", "leggings"
	]
}