{
	"type": "zenith:mob_effect",
	"mob_effect": "minecraft:speed",
	"target": "HURT_SELF",
	"values": {
		"rare": {
			"duration": {
				"min": 200,
				"steps": 10,
				"step": 20
			},
			"amplifier": 0,
			"cooldown": 800
		},
		"epic": {
			"duration": {
				"min": 200,
				"steps": 10,
				"step": 20
			},
			"amplifier": {
				"min": 0,
				"steps": 8,
				"step": 0.25
			},
			"cooldown": 700
		},
		"mythic": {
			"duration": {
				"min": 200,
				"steps": 10,
				"step": 20
			},
			"amplifier": {
				"min": 0,
				"steps": 4,
				"step": 0.5
			},
			"cooldown": 600
		},
		"ancient": {
			"duration": {
				"min": 200,
				"steps": 10,
				"step": 40
			},
			"amplifier": {
				"min": 0,
				"steps": 4,
				"step": 0.5
			},
			"cooldown": 600
		}
	},
	"types": [
		"boots"
	]
}