{
	"type": "zenith:mob_effect",
	"mob_effect": "minecraft:haste",
	"target": "BREAK_SELF",
	"values": {
		"rare": {
			"duration": {
				"min": 200,
				"steps": 5,
				"step": 20
			},
			"amplifier": 0,
			"cooldown": 600
		},
		"epic": {
			"duration": {
				"min": 200,
				"steps": 6,
				"step": 20
			},
			"amplifier": {
				"min": 0,
				"steps": 3,
				"step": 0.34
			},
			"cooldown": 600
		},
		"mythic": {
			"duration": {
				"min": 240,
				"steps": 6,
				"step": 20
			},
			"amplifier": {
				"min": 0,
				"steps": 6,
				"step": 0.34
			},
			"cooldown": 600
		},
		"ancient": {
			"duration": {
				"min": 240,
				"steps": 6,
				"step": 20
			},
			"amplifier": {
				"min": 1,
				"steps": 6,
				"step": 0.34
			},
			"cooldown": 500
		}
	},
	"types": [
		"pickaxe", "shovel"
	]
}