{
    "type": "ars_nouveau:dungeon_loot",
    "common_chance": 0.15,
    "common_rolls": 2,
    "rare_chance": 0.05,
    "rare_rolls": 1,
    "uncommon_chance": 0.1,
    "uncommon_rolls": 1,
    "conditions": [
      {
        "condition": "minecraft:any_of",
        "terms": [
          {
            "condition": "forge:loot_table_id",
            "loot_table_id": "minecraft:chests/simple_dungeon"
          },
          {
            "condition": "forge:loot_table_id",
            "loot_table_id": "minecraft:chests/jungle_temple"
          },
          {
            "condition": "forge:loot_table_id",
            "loot_table_id": "minecraft:chests/abandoned_mineshaft"
          },
          {
            "condition": "forge:loot_table_id",
            "loot_table_id": "minecraft:chests/bastion_treasure"
          },
          {
            "condition": "forge:loot_table_id",
            "loot_table_id": "minecraft:chests/desert_pyramid"
          },
          {
            "condition": "forge:loot_table_id",
            "loot_table_id": "minecraft:chests/end_city_treasure"
          },
          {
            "condition": "forge:loot_table_id",
            "loot_table_id": "minecraft:chests/ruined_portal"
          },
          {
            "condition": "forge:loot_table_id",
            "loot_table_id": "minecraft:chests/pillager_outpost"
          },
          {
            "condition": "forge:loot_table_id",
            "loot_table_id": "minecraft:chests/nether_bridge"
          },
          {
            "condition": "forge:loot_table_id",
            "loot_table_id": "minecraft:chests/stronghold_corridor"
          },
          {
            "condition": "forge:loot_table_id",
            "loot_table_id": "minecraft:chests/stronghold_crossing"
          },
          {
            "condition": "forge:loot_table_id",
            "loot_table_id": "minecraft:chests/stronghold_library"
          },
          {
            "condition": "forge:loot_table_id",
            "loot_table_id": "minecraft:chests/woodland_mansion"
          },
          {
            "condition": "forge:loot_table_id",
            "loot_table_id": "minecraft:chests/underwater_ruin_big"
          },
          {
            "condition": "forge:loot_table_id",
            "loot_table_id": "minecraft:chests/underwater_ruin_small"
          }
        ]
      }
    ]
  }