{
  "type": "minecraft:entity",
  "pools": [
    {
      "bonus_rolls": 0.1,
      "entries": [
        {
          "type": "minecraft:empty",
          "weight": 8
        },
        {
          "type": "minecraft:item",
          "functions": [
            {
              "function": "treasurebags:select_bag_rarity",
              "rarity": "uncommon"
            }
          ],
          "name": "treasurebags:treasure_bag",
          "weight": 1
        },
        {
          "type": "minecraft:item",
          "functions": [
            {
              "function": "treasurebags:select_bag_rarity",
              "rarity": "rare"
            }
          ],
          "name": "treasurebags:treasure_bag",
          "weight": 4
        },
        {
          "type": "minecraft:item",
          "functions": [
            {
              "function": "treasurebags:select_bag_rarity",
              "rarity": "epic"
            }
          ],
          "name": "treasurebags:treasure_bag",
          "weight": 7
        }
      ],
      "rolls": 2.0
    }
  ]
}