{
	"loading_priority": 1001,
	"powers": [
		"origins:fire_immunity",
		"origins:nether_spawn",
		"origins:burning_wrath",
		"origins:hotblooded",
		"origins:water_vulnerability",
		"origins:flame_particles",
		"origins:damage_from_snowballs",
		"origins:damage_from_potions",
		"origins_env_deh:thirst_resistance",
		"origins_env_deh:heat_resistance",
		"thermoo-patches:heat_immune",
		"thermoo-patches:cold_vulnerability"
	],
	"icon": {
		"item": "minecraft:blaze_powder"
	},
	"order": 1,
	"impact": 3
}